Date,O919001001,O200001001,V504661001,O180405201,O153291001,O353401001,O375401001,O323000401,O546431001,O819000201,O582000101,Q066402002,O612501001,O605401001,O633251001,O650251001,K216311001,O701581001,P171291001,O839431001,P257401001,Q224291001,65017400,48198001,65258001_x,65258001_y,31451001,65258001,11221004,65125001,12216001
2023-01-01,186044.0,48967.0,1210.0,0.0,1754.0,2563.0,304.0,6.0,278.0,110.0,137.0,509.0,219.0,1898.0,2052.0,1246.0,779.0,333.0,5866.0,545.0,373.0,619.0,3.0,1.6,0.0,0.0,0.0,0.0,0.0,0.0,0.0
2023-01-02,152756.0,48905.0,1187.0,0.0,1692.0,2599.0,296.0,6.0,267.0,105.0,135.0,480.0,215.0,1892.0,2122.0,1221.0,772.0,340.0,4721.0,537.0,361.0,556.0,9.3,22.3,3.4,3.4,0.2,3.4,0.8,2.4,4.4
2023-01-03,147301.0,50457.0,1569.0,0.0,1710.0,2692.0,309.0,5.0,273.0,91.0,133.0,425.0,212.0,1877.0,1958.0,1151.0,1278.0,696.0,3887.0,524.0,349.0,487.0,0.0,0.0,0.4,0.4,0.0,0.4,0.0,0.4,0.0
2023-01-04,193467.0,51135.0,1350.0,0.0,1620.0,2703.0,353.0,6.0,309.0,80.0,131.0,401.0,209.0,1871.0,1898.0,1163.0,883.0,495.0,3172.0,518.0,343.0,461.0,0.0,0.0,0.0,0.0,0.2,0.0,0.0,0.0,1.0
2023-01-05,218416.0,49232.0,1305.0,0.0,1506.0,2659.0,343.0,6.0,335.0,73.0,128.0,384.0,206.0,1875.0,1792.0,1186.0,832.0,438.0,2818.0,512.0,342.0,432.0,0.0,0.0,0.0,0.0,0.0,0.0,0.0,0.0,0.0
2023-01-06,166673.0,46488.0,1296.0,0.0,1408.0,2590.0,322.0,6.0,334.0,68.0,132.0,388.0,201.0,1874.0,1836.0,1181.0,802.0,397.0,2506.0,506.0,338.0,386.0,0.0,0.0,0.0,0.0,0.0,0.0,0.0,0.0,0.0
2023-01-07,209273.0,44818.0,1286.0,0.0,1322.0,2592.0,308.0,6.0,329.0,65.0,149.0,384.0,199.0,1844.0,1746.0,1200.0,782.0,370.0,2276.0,511.0,341.0,391.0,7.6,3.0,3.4,3.4,0.2,3.4,0.0,4.0,4.6
2023-01-08,199522.0,46365.0,1288.0,0.0,1255.0,2605.0,355.0,6.0,328.0,69.0,144.0,528.0,249.0,1892.0,2455.0,,832.0,408.0,5656.0,756.0,423.0,628.0,10.0,0.8,18.3,18.3,7.8,18.3,12.8,17.4,6.6
2023-01-09,170417.0,59924.0,1333.0,0.0,2508.0,2697.0,409.0,6.0,500.0,141.0,142.0,4139.0,301.0,2389.0,4678.0,3860.0,1194.0,596.0,10816.0,891.0,442.0,1664.0,,0.0,11.9,11.9,12.6,11.9,20.0,9.8,4.4
2023-01-10,192422.0,71823.0,1245.0,0.0,2887.0,2749.0,689.0,10.0,855.0,606.0,140.0,6179.0,371.0,3003.0,11688.0,3624.0,914.0,478.0,8541.0,917.0,426.0,2701.0,0.0,0.0,0.0,0.0,0.2,0.0,0.4,0.0,0.0
2023-01-11,339287.0,65262.0,1227.0,0.0,2579.0,2777.0,741.0,34.0,753.0,502.0,153.0,3106.0,426.0,2397.0,8779.0,2987.0,946.0,490.0,8725.0,842.0,416.0,1194.0,0.3,0.0,6.8,6.8,3.2,6.8,10.8,6.4,1.6
2023-01-12,325808.0,60823.0,1192.0,0.0,2492.0,2735.0,668.0,17.0,692.0,391.0,168.0,3494.0,432.0,2381.0,6990.0,2915.0,884.0,445.0,8423.0,815.0,407.0,976.0,0.1,0.0,0.0,0.0,0.0,0.0,0.0,0.0,2.2
2023-01-13,271282.0,58670.0,1155.0,0.0,2328.0,2715.0,630.0,11.0,651.0,347.0,181.0,2273.0,451.0,2285.0,6249.0,,831.0,410.0,8882.0,878.0,417.0,825.0,0.0,0.0,1.4,1.4,0.4,1.4,2.2,1.4,1.6
2023-01-14,246550.0,55077.0,1133.0,0.0,2227.0,2688.0,610.0,11.0,664.0,330.0,194.0,1760.0,452.0,2208.0,5197.0,,796.0,379.0,7778.0,867.0,405.0,701.0,0.0,0.0,0.0,0.0,0.2,0.0,0.0,0.0,0.0
2023-01-15,254286.0,53827.0,1114.0,0.0,2235.0,2746.0,611.0,10.0,608.0,333.0,210.0,1667.0,447.0,2179.0,4662.0,,808.0,374.0,7155.0,828.0,391.0,655.0,7.7,1.6,12.3,12.3,5.0,12.3,7.8,12.8,4.6
2023-01-16,228095.0,60811.0,1180.0,0.0,2605.0,2915.0,1142.0,11.0,1008.0,439.0,229.0,2654.0,485.0,2343.0,6220.0,4802.0,828.0,383.0,6835.0,918.0,441.0,3281.0,29.9,5.8,44.8,44.8,16.3,44.8,29.0,43.8,16.8
2023-01-17,289918.0,256500.0,1227.0,4.0,7809.0,4518.0,12056.0,235.0,3147.0,2752.0,274.0,28295.0,946.0,12832.0,27036.0,20379.0,833.0,383.0,5954.0,1578.0,610.0,14007.0,8.4,0.6,15.7,15.7,9.6,15.7,18.6,14.2,9.8
2023-01-18,1048848.0,261035.0,1176.0,4.0,5390.0,5107.0,13484.0,481.0,3582.0,3433.0,375.0,33363.0,1919.0,15434.0,61361.0,14279.0,724.0,357.0,4860.0,2254.0,862.0,20604.0,20.0,0.0,3.2,3.2,0.8,3.2,7.4,2.0,1.0
2023-01-19,1404332.0,153833.0,1090.0,3.0,4035.0,3916.0,5183.0,420.0,2587.0,2469.0,419.0,18143.0,1779.0,8823.0,90645.0,8315.0,814.0,335.0,3871.0,1964.0,729.0,28903.0,10.0,0.0,17.7,17.7,26.3,17.7,16.0,16.4,5.0
2023-01-20,1358869.0,196402.0,1060.0,4.0,8752.0,3644.0,3762.0,361.0,2195.0,1547.0,432.0,12008.0,2222.0,10880.0,68013.0,7532.0,751.0,324.0,3217.0,2389.0,913.0,22085.0,0.0,0.0,1.4,1.4,2.0,1.4,0.0,0.8,1.4
2023-01-21,1335357.0,178185.0,1036.0,4.0,5796.0,3411.0,3097.0,322.0,1918.0,1531.0,437.0,5704.0,2048.0,5891.0,50370.0,4849.0,701.0,299.0,2807.0,2111.0,788.0,16947.0,0.0,0.0,0.0,0.0,0.0,0.0,0.5,0.0,0.2
2023-01-22,955968.0,120732.0,995.0,3.0,4078.0,3281.0,2518.0,236.0,1686.0,1277.0,439.0,3464.0,1768.0,4545.0,20537.0,3351.0,437.0,292.0,2548.0,1767.0,677.0,5573.0,1.0,0.0,0.0,0.0,0.0,0.0,0.0,0.0,0.0
2023-01-23,655611.0,108597.0,1040.0,2.0,3588.0,3179.0,2109.0,166.0,1514.0,979.0,435.0,2519.0,1544.0,3949.0,13453.0,2693.0,682.0,314.0,2352.0,1496.0,621.0,2358.0,9.8,0.0,0.0,0.0,0.0,0.0,0.2,0.0,0.2
2023-01-24,681292.0,111028.0,979.0,2.0,3290.0,3118.0,1843.0,95.0,1399.0,738.0,430.0,2062.0,1341.0,3576.0,12035.0,2279.0,831.0,308.0,2192.0,1342.0,575.0,1654.0,0.0,0.0,0.4,0.4,0.4,0.4,0.0,0.2,0.2
2023-01-25,664582.0,101827.0,949.0,2.0,3058.0,3034.0,1714.0,35.0,1299.0,579.0,424.0,1739.0,1204.0,3196.0,10875.0,,730.0,292.0,2100.0,1214.0,542.0,1194.0,1.4,0.0,0.0,0.0,0.0,0.0,0.0,0.0,0.0
2023-01-26,619595.0,97720.0,937.0,1.0,2876.0,3027.0,1557.0,21.0,1220.0,495.0,422.0,1593.0,1129.0,3183.0,10104.0,,692.0,285.0,1987.0,1133.0,526.0,1047.0,0.0,0.0,0.6,0.6,0.8,0.6,0.2,0.6,0.0
2023-01-27,585029.0,81726.0,1053.0,1.0,2808.0,2987.0,1361.0,14.0,1164.0,413.0,415.0,1420.0,1039.0,2955.0,9626.0,,657.0,272.0,1904.0,1060.0,505.0,982.0,3.0,0.0,0.0,0.0,0.8,0.0,0.4,0.0,0.0
2023-01-28,462071.0,78930.0,931.0,1.0,2707.0,2924.0,1213.0,11.0,1055.0,353.0,410.0,1320.0,918.0,2825.0,8960.0,,629.0,262.0,1830.0,980.0,490.0,976.0,1.5,0.0,0.2,0.2,0.6,0.2,0.0,0.0,0.0
2023-01-29,426015.0,66886.0,898.0,1.0,2635.0,2923.0,1145.0,10.0,1009.0,300.0,405.0,1141.0,863.0,2681.0,8053.0,,610.0,254.0,1761.0,912.0,463.0,912.0,0.0,0.0,0.0,0.0,0.0,0.0,0.0,0.2,0.0
2023-01-30,314029.0,60088.0,899.0,1.0,2576.0,2897.0,1117.0,10.0,934.0,269.0,400.0,1052.0,815.0,2566.0,7416.0,,596.0,244.0,1677.0,866.0,455.0,824.0,0.0,0.0,2.2,2.2,0.0,2.2,0.0,0.2,0.0
2023-01-31,299510.0,65390.0,875.0,1.0,2545.0,2856.0,1113.0,9.0,955.0,235.0,395.0,968.0,762.0,2477.0,6882.0,1797.0,586.0,244.0,1615.0,820.0,442.0,765.0,0.0,0.0,1.2,1.2,0.4,1.2,1.2,0.2,0.0
2023-02-01,369422.0,68680.0,834.0,1.0,2665.0,2858.0,1280.0,9.0,1089.0,209.0,391.0,929.0,716.0,2412.0,6472.0,,589.0,243.0,1608.0,804.0,439.0,742.0,0.0,0.0,0.0,0.0,0.2,0.0,0.0,0.0,0.0
2023-02-02,314733.0,59730.0,829.0,1.0,2776.0,2918.0,1543.0,9.0,1047.0,193.0,389.0,1029.0,662.0,2346.0,6088.0,1663.0,588.0,240.0,1607.0,769.0,422.0,692.0,0.0,0.0,0.2,0.2,0.0,0.2,0.0,0.0,0.2
2023-02-03,272606.0,58455.0,810.0,1.0,2776.0,2927.0,1461.0,9.0,981.0,171.0,385.0,969.0,646.0,2290.0,5558.0,,588.0,238.0,1619.0,743.0,412.0,637.0,0.0,0.0,0.2,0.2,0.2,0.2,0.0,0.2,0.0
2023-02-04,247104.0,58745.0,807.0,1.0,2670.0,2926.0,1348.0,9.0,931.0,152.0,380.0,901.0,587.0,2248.0,5242.0,1449.0,611.0,262.0,1717.0,721.0,407.0,601.0,0.0,0.0,0.2,0.2,0.2,0.2,0.0,0.2,0.2
2023-02-05,229225.0,57189.0,872.0,1.0,2560.0,2922.0,1269.0,10.0,862.0,136.0,374.0,775.0,543.0,2217.0,4916.0,1461.0,781.0,339.0,1971.0,697.0,397.0,582.0,0.0,0.0,0.0,0.0,0.0,0.0,0.0,0.0,0.2
2023-02-06,227649.0,55280.0,839.0,1.0,2511.0,2917.0,1265.0,10.0,828.0,127.0,368.0,743.0,516.0,2205.0,4798.0,1459.0,734.0,332.0,2192.0,688.0,397.0,581.0,,0.6,0.0,0.0,0.0,0.0,0.0,0.0,0.0
2023-02-07,234806.0,61854.0,886.0,1.0,2506.0,2965.0,1233.0,10.0,821.0,120.0,362.0,739.0,481.0,2186.0,4700.0,,652.0,313.0,2316.0,671.0,392.0,587.0,0.3,5.8,0.2,0.2,2.6,0.2,3.8,0.0,0.4
2023-02-08,293246.0,70483.0,837.0,1.0,2705.0,2970.0,1217.0,9.0,766.0,105.0,356.0,705.0,449.0,2158.0,4354.0,1601.0,609.0,289.0,2253.0,654.0,381.0,572.0,0.2,0.0,0.2,0.2,0.0,0.2,0.0,0.0,0.0
2023-02-09,298492.0,61175.0,836.0,0.0,2669.0,2929.0,1161.0,9.0,713.0,96.0,349.0,664.0,414.0,2118.0,4193.0,,573.0,269.0,2170.0,633.0,377.0,550.0,0.0,0.0,0.0,0.0,0.0,0.0,0.0,0.0,0.2
2023-02-10,281198.0,59966.0,887.0,0.0,2510.0,2929.0,1111.0,8.0,705.0,86.0,341.0,619.0,387.0,2086.0,3938.0,1367.0,546.0,256.0,2094.0,652.0,373.0,517.0,0.0,0.0,0.2,0.2,0.2,0.2,0.0,0.0,0.0
2023-02-11,323974.0,56958.0,835.0,0.0,2407.0,2884.0,1068.0,8.0,660.0,81.0,333.0,587.0,372.0,2097.0,3759.0,1311.0,544.0,253.0,2042.0,594.0,370.0,528.0,0.0,0.0,0.0,0.0,0.0,0.0,0.0,0.0,0.2
2023-02-12,261383.0,51087.0,833.0,0.0,2325.0,2852.0,1035.0,7.0,613.0,75.0,322.0,538.0,357.0,2079.0,3699.0,1345.0,547.0,254.0,2024.0,605.0,369.0,535.0,0.0,0.0,0.0,0.0,0.0,0.0,0.0,0.0,0.0
2023-02-13,200739.0,50355.0,782.0,0.0,2244.0,2844.0,1002.0,7.0,607.0,71.0,313.0,493.0,333.0,2060.0,3676.0,1456.0,557.0,263.0,2055.0,594.0,365.0,530.0,0.0,0.0,0.0,0.0,0.0,0.0,0.0,0.0,0.0
2023-02-14,203392.0,52437.0,775.0,0.0,2185.0,2841.0,978.0,7.0,607.0,64.0,303.0,509.0,316.0,2051.0,3426.0,1438.0,604.0,284.0,2139.0,577.0,362.0,518.0,0.0,0.0,0.0,0.0,0.0,0.0,0.0,0.0,0.0
2023-02-15,232093.0,55349.0,763.0,0.0,2184.0,2849.0,957.0,7.0,608.0,62.0,294.0,493.0,293.0,2046.0,3410.0,1282.0,633.0,300.0,2226.0,563.0,357.0,518.0,0.0,0.0,0.0,0.0,0.0,0.0,0.0,0.0,0.0
2023-02-16,238328.0,58495.0,757.0,0.0,2145.0,2856.0,935.0,6.0,560.0,57.0,286.0,467.0,278.0,2025.0,3510.0,1288.0,606.0,302.0,2264.0,556.0,353.0,506.0,0.0,0.0,0.0,0.0,0.0,0.0,0.0,0.0,0.2
2023-02-17,217031.0,58067.0,730.0,0.0,2077.0,2846.0,917.0,6.0,543.0,51.0,277.0,503.0,268.0,2013.0,3246.0,1366.0,653.0,340.0,2374.0,551.0,350.0,495.0,0.0,0.0,0.0,0.0,0.2,0.0,0.0,0.0,0.0
2023-02-18,204204.0,54543.0,759.0,0.0,2063.0,2845.0,903.0,6.0,542.0,46.0,269.0,494.0,254.0,2012.0,3049.0,1309.0,844.0,453.0,2609.0,537.0,346.0,493.0,0.0,0.0,0.0,0.0,0.0,0.0,0.0,0.0,0.2
2023-02-19,177373.0,53470.0,791.0,0.0,2069.0,2848.0,896.0,6.0,532.0,44.0,261.0,448.0,240.0,2002.0,2978.0,1225.0,792.0,485.0,2779.0,533.0,343.0,498.0,0.0,0.0,0.0,0.0,0.2,0.0,0.0,0.0,0.2
2023-02-20,176299.0,55208.0,770.0,0.0,2110.0,2852.0,890.0,6.0,517.0,44.0,254.0,420.0,236.0,1990.0,3030.0,1209.0,736.0,472.0,2782.0,527.0,344.0,506.0,0.0,0.0,0.0,0.0,0.0,0.0,0.0,0.0,0.4
2023-02-21,171767.0,58083.0,762.0,0.0,2141.0,2870.0,894.0,6.0,517.0,43.0,247.0,473.0,227.0,1994.0,2996.0,1205.0,695.0,452.0,2828.0,528.0,344.0,444.0,1.0,0.0,0.2,0.2,0.8,0.2,0.0,0.6,0.2
2023-02-22,173464.0,61701.0,760.0,0.0,2279.0,2894.0,895.0,6.0,514.0,42.0,249.0,462.0,224.0,1985.0,2946.0,1444.0,711.0,447.0,3663.0,543.0,348.0,429.0,7.2,1.2,0.6,0.6,0.4,0.6,0.6,0.6,1.8
2023-02-23,195932.0,65687.0,893.0,0.0,2361.0,2913.0,891.0,6.0,543.0,41.0,253.0,541.0,224.0,1984.0,2966.0,1248.0,709.0,459.0,4763.0,556.0,363.0,554.0,20.0,35.5,13.2,13.2,5.8,13.2,10.6,14.6,2.6
2023-02-24,228293.0,78936.0,5685.0,0.0,2335.0,5940.0,958.0,6.0,751.0,46.0,250.0,917.0,273.0,2014.0,3606.0,,1027.0,780.0,5331.0,770.0,435.0,2398.0,0.0,34.7,0.0,0.0,0.4,0.0,0.0,0.0,13.2
2023-02-25,226390.0,71247.0,4911.0,0.0,2233.0,5391.0,1180.0,6.0,732.0,77.0,245.0,805.0,239.0,1993.0,3608.0,,883.0,682.0,4851.0,668.0,404.0,1576.0,1.8,0.0,1.4,1.4,1.2,1.4,3.0,1.0,0.0
2023-02-26,230403.0,61304.0,3879.0,0.0,2185.0,4500.0,1033.0,6.0,575.0,89.0,239.0,587.0,223.0,1971.0,3036.0,1336.0,738.0,544.0,3954.0,600.0,378.0,861.0,2.0,1.4,0.0,0.0,0.0,0.0,0.6,0.0,0.0
2023-02-27,241802.0,54797.0,3451.0,0.0,2104.0,4117.0,967.0,6.0,524.0,89.0,235.0,481.0,216.0,1952.0,2447.0,1343.0,691.0,478.0,3309.0,573.0,363.0,685.0,2.0,0.0,1.4,1.4,0.2,1.4,0.2,3.0,0.0
2023-02-28,203799.0,56217.0,3102.0,0.0,2048.0,3893.0,932.0,6.0,513.0,82.0,231.0,482.0,214.0,1945.0,2431.0,1392.0,687.0,457.0,2914.0,552.0,355.0,608.0,0.1,0.0,0.6,0.6,0.2,0.6,0.0,0.0,0.2
2023-03-01,217854.0,55772.0,2856.0,0.0,1995.0,3750.0,919.0,6.0,512.0,77.0,226.0,467.0,213.0,1943.0,2457.0,1236.0,673.0,443.0,2689.0,551.0,354.0,567.0,0.0,0.0,0.2,0.2,0.0,0.2,0.0,0.0,0.0
2023-03-02,269491.0,52718.0,2670.0,0.0,1963.0,3648.0,878.0,5.0,513.0,79.0,221.0,455.0,210.0,1944.0,2398.0,1230.0,673.0,436.0,2513.0,547.0,354.0,546.0,3.6,0.0,1.0,1.0,0.0,1.0,0.6,1.0,1.0
2023-03-03,264676.0,55943.0,2486.0,0.0,1954.0,3549.0,741.0,5.0,513.0,72.0,216.0,435.0,207.0,1934.0,2275.0,1302.0,668.0,426.0,2361.0,533.0,348.0,561.0,0.0,0.0,0.0,0.0,0.0,0.0,0.0,0.0,0.0
2023-03-04,307739.0,61698.0,2337.0,0.0,1916.0,3485.0,821.0,5.0,490.0,65.0,212.0,423.0,203.0,1928.0,2145.0,1475.0,683.0,431.0,2256.0,530.0,336.0,510.0,0.0,0.0,0.0,0.0,0.0,0.0,0.0,0.0,0.2
2023-03-05,285385.0,57973.0,2229.0,0.0,1877.0,3386.0,799.0,5.0,462.0,63.0,207.0,401.0,201.0,1932.0,2305.0,,743.0,440.0,2159.0,531.0,341.0,504.0,0.0,0.0,0.0,0.0,0.0,0.0,0.0,0.0,0.0
2023-03-06,216647.0,56347.0,2124.0,0.0,1829.0,3371.0,785.0,5.0,450.0,61.0,204.0,383.0,202.0,1954.0,2322.0,1077.0,739.0,425.0,2088.0,534.0,343.0,511.0,0.0,0.0,0.0,0.0,0.0,0.0,0.0,0.0,0.2
2023-03-07,259571.0,65093.0,2082.0,0.0,1976.0,3365.0,799.0,6.0,485.0,59.0,199.0,438.0,203.0,1950.0,2333.0,1279.0,732.0,414.0,2042.0,561.0,356.0,529.0,2.1,2.2,2.0,2.0,5.8,2.0,5.2,1.2,7.4
2023-03-08,290395.0,69597.0,2042.0,0.0,1697.0,3393.0,864.0,5.0,595.0,57.0,195.0,475.0,200.0,1954.0,2678.0,1243.0,866.0,499.0,2703.0,586.0,382.0,658.0,8.0,3.4,1.4,1.4,3.6,1.4,4.0,1.4,5.0
2023-03-09,268706.0,71718.0,2182.0,0.0,1979.0,3813.0,1198.0,5.0,784.0,55.0,194.0,456.0,198.0,1946.0,2877.0,1035.0,944.0,681.0,4510.0,600.0,413.0,662.0,2.1,1.4,3.4,3.4,4.0,3.4,10.5,2.8,5.2
2023-03-10,283967.0,81734.0,2237.0,0.0,2430.0,4515.0,3110.0,6.0,900.0,66.0,195.0,442.0,226.0,1927.0,2554.0,1195.0,2002.0,1217.0,10382.0,711.0,438.0,625.0,3.6,6.4,0.4,0.4,3.6,0.4,12.4,0.2,37.6
2023-03-11,315757.0,87536.0,2826.0,0.0,3108.0,13598.0,62426.0,1492.0,15812.0,5518.0,301.0,717.0,3907.0,1941.0,2885.0,1102.0,3714.0,1869.0,48985.0,6978.0,1753.0,1119.0,47.0,0.4,9.6,9.6,12.2,9.6,48.4,8.0,5.4
2023-03-12,1093543.0,222384.0,3018.0,0.0,4576.0,10956.0,30571.0,1275.0,11886.0,7009.0,370.0,1274.0,4086.0,1997.0,4203.0,1300.0,2084.0,1303.0,26820.0,6417.0,1508.0,3952.0,0.0,0.0,0.2,0.2,0.2,0.2,0.2,0.2,0.0
2023-03-13,1689918.0,229590.0,3055.0,0.0,3805.0,7989.0,15437.0,925.0,6608.0,2875.0,498.0,961.0,3031.0,1984.0,3887.0,1354.0,1760.0,1056.0,14868.0,3607.0,1204.0,2803.0,0.3,17.9,4.8,4.8,13.3,4.8,17.7,2.6,14.4
2023-03-14,1171732.0,226237.0,4472.0,0.0,7799.0,12265.0,33368.0,953.0,8055.0,2124.0,574.0,1046.0,2470.0,2058.0,4201.0,1670.0,3670.0,1850.0,16702.0,3081.0,1177.0,2375.0,0.1,0.2,8.8,8.8,15.1,8.8,16.2,7.2,3.8
2023-03-15,1095100.0,203869.0,4166.0,1.0,5513.0,10792.0,22116.0,992.0,7284.0,2259.0,616.0,1456.0,2639.0,2330.0,7438.0,,2165.0,1238.0,12452.0,2783.0,1093.0,3811.0,0.0,0.0,0.0,0.0,0.4,0.0,4.0,0.0,0.0
2023-03-16,1211399.0,149832.0,3996.0,1.0,4430.0,8804.0,13826.0,861.0,5576.0,1966.0,618.0,1293.0,2360.0,2173.0,6099.0,,1860.0,998.0,8931.0,2415.0,990.0,2437.0,0.0,0.0,0.0,0.0,0.0,0.0,0.0,0.0,0.0
2023-03-17,998445.0,125910.0,3835.0,1.0,3919.0,7846.0,9534.0,754.0,4447.0,1408.0,612.0,1103.0,2012.0,2106.0,5111.0,1633.0,1715.0,874.0,6670.0,2121.0,894.0,1543.0,1.0,0.8,0.0,0.0,0.0,0.0,0.0,0.0,0.0
2023-03-18,809927.0,120470.0,3609.0,1.0,3717.0,7108.0,7267.0,671.0,3725.0,1038.0,607.0,966.0,1800.0,2076.0,4696.0,,1601.0,789.0,5661.0,1993.0,900.0,1012.0,0.1,0.0,13.1,13.1,3.6,13.1,4.0,9.8,9.2
2023-03-19,701376.0,115345.0,3439.0,1.0,4035.0,6550.0,6076.0,612.0,3625.0,1815.0,609.0,827.0,1645.0,2073.0,4720.0,,1604.0,800.0,5997.0,2462.0,1052.0,845.0,3.0,1.0,1.4,1.4,2.6,1.4,5.2,1.4,4.8
2023-03-20,752813.0,110918.0,3191.0,1.0,3741.0,5992.0,5060.0,567.0,3296.0,1894.0,605.0,815.0,1451.0,2054.0,4880.0,1781.0,1549.0,732.0,5060.0,2073.0,926.0,769.0,0.0,0.0,0.0,0.0,0.2,0.0,0.0,0.0,0.0
2023-03-21,775757.0,108769.0,3014.0,1.0,3558.0,5586.0,4229.0,539.0,2863.0,1408.0,612.0,764.0,1314.0,2036.0,4544.0,2229.0,1379.0,637.0,4433.0,1901.0,864.0,703.0,0.0,0.0,0.0,0.0,0.0,0.0,0.0,0.0,0.0
2023-03-22,700951.0,95966.0,2844.0,1.0,3346.0,5283.0,3622.0,484.0,2621.0,1030.0,639.0,714.0,1194.0,2022.0,4305.0,2037.0,1261.0,606.0,3924.0,1745.0,811.0,652.0,0.0,0.0,0.0,0.0,0.0,0.0,0.0,0.0,0.2
2023-03-23,545665.0,86429.0,2697.0,1.0,3183.0,5040.0,3128.0,405.0,2372.0,772.0,628.0,679.0,1083.0,2011.0,3952.0,1932.0,1164.0,556.0,3419.0,1636.0,761.0,625.0,0.0,1.2,0.0,0.0,0.0,0.0,0.0,0.0,0.2
2023-03-24,455876.0,85281.0,2557.0,1.0,3125.0,4863.0,2707.0,362.0,2175.0,596.0,619.0,634.0,993.0,1992.0,3520.0,1489.0,1116.0,529.0,3034.0,1508.0,737.0,584.0,1.0,0.6,2.4,2.4,0.0,2.4,0.0,2.4,1.2
2023-03-25,408062.0,89402.0,2416.0,1.0,3039.0,4660.0,2386.0,323.0,2028.0,470.0,605.0,609.0,916.0,1964.0,3325.0,1447.0,1099.0,498.0,2980.0,1395.0,704.0,533.0,0.0,0.0,0.0,0.0,0.0,0.0,0.0,0.0,3.2
2023-03-26,395291.0,82757.0,2404.0,1.0,3056.0,4601.0,2322.0,312.0,2069.0,405.0,596.0,602.0,930.0,1977.0,3403.0,,1230.0,573.0,4581.0,1402.0,749.0,513.0,1.0,3.8,18.9,18.9,2.0,18.9,11.4,15.8,17.6
2023-03-27,346930.0,85274.0,2537.0,1.0,3706.0,4888.0,3508.0,284.0,2858.0,357.0,590.0,830.0,953.0,2030.0,3891.0,,1736.0,768.0,7227.0,1462.0,795.0,558.0,0.0,0.0,0.2,0.2,0.0,0.2,0.0,0.0,0.0
2023-03-28,408913.0,99077.0,2290.0,1.0,3846.0,4487.0,2757.0,257.0,2328.0,311.0,578.0,882.0,868.0,2021.0,4540.0,,1261.0,598.0,5718.0,1277.0,697.0,585.0,0.0,0.0,0.0,0.0,0.0,0.0,0.0,0.0,0.2
2023-03-29,507182.0,89463.0,2208.0,1.0,3579.0,4304.0,2402.0,225.0,2106.0,283.0,567.0,743.0,807.0,1995.0,3966.0,,1051.0,513.0,4676.0,1184.0,657.0,552.0,0.0,1.2,0.0,0.0,0.0,0.0,0.0,0.0,0.0
2023-03-30,464875.0,91510.0,2100.0,1.0,3425.0,4207.0,2201.0,196.0,1946.0,258.0,558.0,672.0,751.0,1971.0,3601.0,1541.0,954.0,474.0,4039.0,1138.0,622.0,517.0,0.0,0.2,0.0,0.0,0.0,0.0,0.0,0.0,0.0
2023-03-31,394579.0,88110.0,2026.0,1.0,3266.0,4094.0,2070.0,213.0,1851.0,237.0,550.0,626.0,715.0,1970.0,3384.0,1339.0,963.0,454.0,4056.0,1122.0,629.0,478.0,0.1,1.0,2.2,2.2,0.0,2.2,1.4,1.4,3.0
2023-04-01,336233.0,88380.0,2012.0,1.0,3167.0,4181.0,2098.0,163.0,1853.0,210.0,541.0,618.0,678.0,1942.0,3327.0,2068.0,1390.0,518.0,9986.0,1106.0,642.0,474.0,16.0,0.6,20.3,20.3,5.4,20.3,19.2,18.0,13.0
2023-04-02,354792.0,85663.0,1971.0,1.0,3292.0,4916.0,4597.0,274.0,2110.0,198.0,531.0,786.0,643.0,2011.0,4063.0,2209.0,1538.0,520.0,11870.0,1057.0,576.0,600.0,14.0,0.0,15.0,15.0,0.6,15.0,2.2,17.2,0.2
2023-04-03,365700.0,185936.0,1874.0,2.0,9722.0,4565.0,3341.0,326.0,1882.0,179.0,523.0,2621.0,608.0,2138.0,6586.0,3226.0,1529.0,456.0,9781.0,990.0,570.0,823.0,0.0,0.0,0.2,0.2,0.0,0.2,0.0,0.0,0.0
2023-04-04,467579.0,170558.0,1822.0,3.0,7811.0,4373.0,2666.0,332.0,1714.0,170.0,513.0,1588.0,539.0,2110.0,9634.0,,1186.0,410.0,7397.0,964.0,554.0,859.0,0.0,0.0,0.2,0.2,0.0,0.2,0.0,0.0,0.0
2023-04-05,521918.0,132557.0,1737.0,3.0,5378.0,4248.0,2279.0,320.0,1567.0,151.0,502.0,1101.0,514.0,2059.0,6501.0,,999.0,378.0,5620.0,938.0,528.0,643.0,0.0,0.0,0.0,0.0,0.0,0.0,0.0,0.0,0.2
2023-04-06,432033.0,122645.0,1676.0,2.0,4410.0,4150.0,2083.0,294.0,1455.0,137.0,493.0,912.0,496.0,2033.0,4930.0,,940.0,357.0,4387.0,920.0,509.0,558.0,0.0,0.0,0.0,0.0,0.0,0.0,0.0,0.0,0.0
2023-04-07,380724.0,112274.0,1641.0,2.0,3987.0,4084.0,1936.0,258.0,1402.0,126.0,484.0,814.0,476.0,2013.0,3865.0,,903.0,341.0,3550.0,867.0,495.0,511.0,0.0,0.0,0.0,0.0,0.0,0.0,0.0,0.0,0.0
2023-04-08,356340.0,106920.0,1552.0,2.0,3846.0,4028.0,1782.0,165.0,1327.0,117.0,475.0,739.0,441.0,1992.0,3426.0,,869.0,326.0,3127.0,833.0,478.0,472.0,0.0,0.0,0.0,0.0,0.0,0.0,0.0,0.0,0.0
2023-04-09,340576.0,99210.0,1493.0,2.0,3729.0,4072.0,1610.0,111.0,1211.0,107.0,467.0,656.0,420.0,1968.0,2979.0,,832.0,310.0,2847.0,796.0,463.0,436.0,0.0,0.0,0.0,0.0,0.0,0.0,0.0,0.0,0.2
2023-04-10,308672.0,90975.0,1442.0,1.0,3624.0,3873.0,1468.0,69.0,1211.0,99.0,461.0,589.0,397.0,1953.0,2712.0,1313.0,802.0,295.0,2619.0,792.0,455.0,404.0,,0.0,0.0,0.0,0.0,0.0,0.2,0.0,0.4
2023-04-11,282283.0,83738.0,1420.0,1.0,3530.0,3786.0,1334.0,40.0,1167.0,92.0,454.0,545.0,374.0,1941.0,2391.0,,792.0,292.0,2619.0,764.0,449.0,384.0,,0.0,0.0,0.0,0.0,0.0,0.0,0.0,0.0
2023-04-12,258908.0,85521.0,1390.0,1.0,3552.0,3768.0,1285.0,35.0,1177.0,93.0,452.0,545.0,370.0,1945.0,2424.0,,805.0,291.0,2865.0,788.0,456.0,385.0,,0.0,8.6,8.6,6.0,8.6,7.6,9.6,12.2
2023-04-13,264719.0,100728.0,1362.0,1.0,3666.0,3822.0,1366.0,18.0,1242.0,88.0,449.0,567.0,374.0,1953.0,2704.0,,889.0,321.0,3068.0,811.0,460.0,433.0,,0.2,8.4,8.4,5.6,8.4,16.6,6.8,14.6
2023-04-14,280612.0,110145.0,1350.0,1.0,3558.0,3846.0,1636.0,16.0,1444.0,86.0,448.0,1035.0,384.0,2009.0,3364.0,,866.0,332.0,4562.0,895.0,512.0,767.0,,4.6,12.4,12.4,6.8,12.4,21.6,10.6,13.6
2023-04-15,329537.0,123730.0,1428.0,1.0,4241.0,5427.0,3875.0,13.0,3168.0,106.0,448.0,1054.0,366.0,2061.0,4091.0,2669.0,1196.0,446.0,10423.0,1089.0,526.0,1115.0,,0.0,3.0,3.0,2.8,3.0,4.6,1.4,1.8
2023-04-16,368190.0,128324.0,1294.0,1.0,4120.0,4587.0,3108.0,11.0,2343.0,125.0,442.0,1034.0,334.0,2026.0,4433.0,,874.0,318.0,7782.0,873.0,467.0,977.0,,0.0,0.0,0.0,0.0,0.0,0.0,0.0,0.0
2023-04-17,405725.0,108661.0,1261.0,1.0,3818.0,4159.0,2539.0,10.0,2002.0,122.0,436.0,746.0,317.0,1987.0,3664.0,,794.0,283.0,5849.0,804.0,448.0,694.0,,0.0,0.0,0.0,0.0,0.0,0.2,0.0,0.0
2023-04-18,395305.0,98385.0,1234.0,1.0,3693.0,3995.0,2306.0,11.0,1808.0,120.0,430.0,621.0,312.0,1966.0,3154.0,,778.0,271.0,4521.0,791.0,432.0,577.0,,0.4,0.0,0.0,0.0,0.0,0.0,0.0,0.2
2023-04-19,354220.0,89474.0,1184.0,1.0,3551.0,3884.0,2130.0,10.0,1642.0,110.0,425.0,534.0,298.0,1953.0,2901.0,,742.0,262.0,3494.0,740.0,427.0,520.0,,0.0,0.0,0.0,0.0,0.0,0.0,0.0,0.2
2023-04-20,311738.0,85371.0,1185.0,1.0,3459.0,3835.0,2010.0,10.0,1529.0,105.0,419.0,480.0,286.0,1914.0,2638.0,,720.0,249.0,3002.0,722.0,412.0,472.0,,5.0,0.0,0.0,0.0,0.0,0.0,0.0,0.0
2023-04-21,295923.0,84809.0,1172.0,1.0,3417.0,3759.0,1859.0,10.0,1403.0,98.0,415.0,423.0,274.0,1888.0,2412.0,1770.0,827.0,253.0,2720.0,698.0,402.0,441.0,,7.4,0.0,0.0,0.0,0.0,0.0,0.0,0.0
2023-04-22,300463.0,89593.0,1162.0,1.0,3387.0,3770.0,1783.0,10.0,1329.0,89.0,415.0,383.0,267.0,1873.0,2258.0,1455.0,732.0,242.0,3174.0,895.0,464.0,433.0,,2.6,1.4,1.4,2.6,1.4,1.6,1.2,11.6
2023-04-23,281491.0,115071.0,1182.0,1.0,3356.0,3796.0,1799.0,9.0,1428.0,86.0,418.0,409.0,276.0,1870.0,2274.0,,1052.0,297.0,4735.0,1049.0,536.0,637.0,,0.6,6.4,6.4,4.8,6.4,3.6,5.6,7.6
2023-04-24,278092.0,118521.0,1156.0,1.0,3355.0,3767.0,1816.0,8.0,1428.0,95.0,414.0,422.0,260.0,1869.0,2423.0,,1144.0,304.0,8129.0,977.0,512.0,601.0,,0.2,5.2,5.2,7.2,5.2,7.6,4.0,4.0
2023-04-25,307174.0,106875.0,1102.0,1.0,3545.0,3812.0,1942.0,9.0,1556.0,100.0,416.0,536.0,263.0,1891.0,2652.0,,880.0,275.0,6553.0,936.0,494.0,1052.0,,0.0,6.6,6.6,7.0,6.6,5.4,7.2,0.0
2023-04-26,303696.0,141760.0,1037.0,1.0,4087.0,3795.0,2076.0,8.0,1383.0,126.0,412.0,948.0,257.0,1919.0,3454.0,,758.0,244.0,5055.0,893.0,478.0,2608.0,,0.0,0.2,0.2,1.0,0.2,0.2,0.2,1.0
2023-04-27,317487.0,150753.0,1014.0,1.0,3905.0,3688.0,1766.0,8.0,1317.0,133.0,409.0,609.0,243.0,1885.0,3093.0,,707.0,236.0,3873.0,845.0,469.0,1663.0,,0.0,0.0,0.0,0.0,0.0,0.0,0.0,0.2
2023-04-28,350391.0,141121.0,1001.0,1.0,3728.0,3612.0,1545.0,8.0,1186.0,126.0,406.0,464.0,232.0,1859.0,2610.0,1434.0,669.0,230.0,3009.0,790.0,439.0,883.0,,0.2,0.0,0.0,0.0,0.0,0.0,0.0,0.0
2023-04-29,318085.0,137064.0,1052.0,1.0,3557.0,3574.0,1418.0,8.0,1161.0,146.0,404.0,437.0,228.0,1849.0,2466.0,1488.0,832.0,299.0,2688.0,888.0,501.0,676.0,,4.4,17.1,17.1,26.0,17.1,25.0,16.8,11.0
2023-04-30,302143.0,267482.0,1000.0,,26931.0,4062.0,2306.0,9.0,3020.0,1177.0,404.0,534.0,226.0,2148.0,3992.0,2213.0,784.0,288.0,2407.0,1727.0,515.0,2910.0,,0.0,3.4,3.4,3.8,3.4,6.6,2.2,0.2
2023-05-01,440077.0,330503.0,960.0,,21714.0,3917.0,2432.0,10.0,2304.0,1199.0,386.0,790.0,219.0,2089.0,5310.0,2063.0,672.0,246.0,2224.0,1306.0,485.0,3256.0,,0.0,0.0,0.0,0.6,0.0,4.2,0.0,1.2
2023-05-02,624734.0,226852.0,903.0,,12709.0,3868.0,3165.0,10.0,2026.0,812.0,384.0,627.0,213.0,2003.0,4166.0,1614.0,633.0,239.0,2027.0,1127.0,444.0,1729.0,,0.0,0.0,0.0,0.0,0.0,0.0,0.2,0.0
2023-05-03,516809.0,165353.0,840.0,,8689.0,3657.0,2329.0,10.0,1703.0,577.0,381.0,488.0,205.0,1965.0,3553.0,1719.0,585.0,227.0,1826.0,1021.0,433.0,917.0,,0.0,0.0,0.0,0.0,0.0,0.0,0.0,0.2
2023-05-04,425132.0,143205.0,813.0,6.0,6626.0,3601.0,1976.0,8.0,1442.0,422.0,373.0,433.0,194.0,1928.0,3223.0,1432.0,538.0,220.0,1652.0,926.0,404.0,682.0,,0.0,0.0,0.0,0.0,0.0,0.0,0.0,0.0
2023-05-05,376931.0,130801.0,789.0,5.0,5378.0,3461.0,1681.0,8.0,1287.0,318.0,371.0,397.0,185.0,1899.0,2807.0,1349.0,512.0,217.0,1531.0,874.0,396.0,551.0,,0.0,0.0,0.0,0.0,0.0,0.0,0.2,0.0
2023-05-06,325599.0,122506.0,777.0,4.0,4569.0,3504.0,1540.0,8.0,1183.0,259.0,380.0,441.0,188.0,1888.0,2430.0,1415.0,494.0,216.0,1448.0,827.0,395.0,491.0,,0.0,20.1,20.1,4.8,20.1,0.6,14.4,10.0
2023-05-07,301551.0,138883.0,768.0,3.0,4224.0,3444.0,1939.0,8.0,1477.0,467.0,458.0,777.0,215.0,1876.0,3698.0,,605.0,235.0,2326.0,846.0,392.0,432.0,,3.0,13.1,13.1,2.4,13.1,5.2,12.6,1.4
2023-05-08,329010.0,164463.0,809.0,2.0,4368.0,3374.0,1546.0,8.0,1190.0,365.0,441.0,567.0,185.0,1867.0,5350.0,,582.0,244.0,1865.0,802.0,362.0,406.0,,0.0,0.0,0.0,0.0,0.0,0.0,0.0,0.0
2023-05-09,353911.0,162446.0,770.0,2.0,4313.0,3395.0,1440.0,8.0,1286.0,289.0,440.0,518.0,203.0,1918.0,4162.0,,570.0,241.0,2086.0,921.0,412.0,420.0,,0.4,15.2,15.2,11.9,15.2,22.5,15.4,17.4
2023-05-10,357066.0,160956.0,756.0,2.0,5885.0,3370.0,1651.0,8.0,1795.0,585.0,462.0,823.0,215.0,2293.0,5939.0,,658.0,299.0,2847.0,1020.0,434.0,703.0,,0.0,1.6,1.6,1.6,1.6,8.8,1.6,2.4
2023-05-11,392450.0,146738.0,711.0,2.0,4778.0,3327.0,1446.0,7.0,1582.0,674.0,463.0,803.0,222.0,2102.0,5961.0,,610.0,266.0,2885.0,992.0,427.0,809.0,,0.0,9.8,9.8,17.7,9.8,10.0,11.2,2.0
2023-05-12,396219.0,144743.0,698.0,2.0,4513.0,3400.0,1411.0,8.0,1723.0,645.0,456.0,1569.0,231.0,2883.0,6789.0,2696.0,903.0,277.0,2778.0,984.0,417.0,2091.0,,17.9,11.0,11.0,19.4,11.0,5.0,10.6,10.4
2023-05-13,367151.0,159974.0,1207.0,2.0,8688.0,3934.0,2553.0,7.0,1875.0,579.0,438.0,1937.0,234.0,3368.0,10963.0,2643.0,2525.0,960.0,2587.0,1006.0,427.0,2969.0,,8.4,10.8,10.8,35.4,10.8,11.4,7.4,3.4
2023-05-14,409696.0,261690.0,1054.0,2.0,22764.0,3991.0,5070.0,7.0,1977.0,492.0,421.0,2911.0,227.0,4052.0,15530.0,4602.0,2272.0,621.0,2436.0,914.0,417.0,1740.0,,0.0,13.0,13.0,4.2,13.0,9.6,17.4,1.0
2023-05-15,535392.0,328981.0,784.0,3.0,26145.0,3656.0,5301.0,7.0,2172.0,391.0,419.0,3393.0,218.0,4130.0,21196.0,6523.0,1200.0,479.0,2192.0,807.0,413.0,1239.0,,0.0,14.4,14.4,1.6,14.4,22.5,19.0,0.0
2023-05-16,740089.0,422979.0,706.0,5.0,23513.0,3543.0,3314.0,7.0,1858.0,318.0,416.0,3629.0,215.0,3924.0,18649.0,9699.0,1079.0,432.0,1997.0,768.0,400.0,3742.0,,0.0,4.8,4.8,0.2,4.8,0.0,6.6,0.0
2023-05-17,724851.0,422222.0,645.0,6.0,16331.0,3426.0,2628.0,6.0,1632.0,252.0,406.0,2875.0,211.0,3087.0,16341.0,5854.0,1036.0,409.0,1826.0,715.0,386.0,2336.0,,0.0,0.0,0.0,0.0,0.0,0.0,0.0,0.0
2023-05-18,725430.0,295744.0,601.0,5.0,11694.0,3351.0,2256.0,6.0,1430.0,206.0,402.0,1771.0,207.0,2539.0,10569.0,3689.0,953.0,390.0,1711.0,687.0,379.0,1064.0,,1.8,2.4,2.4,0.0,2.4,0.0,2.0,0.0
2023-05-19,505505.0,231699.0,578.0,5.0,9252.0,3383.0,2058.0,6.0,1319.0,176.0,391.0,1321.0,201.0,2354.0,8009.0,3033.0,939.0,386.0,1601.0,662.0,374.0,726.0,,1.0,3.2,3.2,0.4,3.2,0.0,3.4,0.0
2023-05-20,436892.0,235247.0,569.0,4.0,8246.0,3316.0,1921.0,6.0,1196.0,153.0,372.0,1080.0,197.0,2247.0,6840.0,2773.0,1079.0,403.0,1488.0,660.0,372.0,630.0,,8.8,0.0,0.0,1.0,0.0,0.2,0.0,9.2
2023-05-21,406495.0,201670.0,838.0,3.0,7030.0,3341.0,1863.0,6.0,1223.0,132.0,375.0,915.0,197.0,2166.0,5819.0,2437.0,1429.0,584.0,1489.0,655.0,376.0,566.0,,4.0,0.0,0.0,4.0,0.0,1.6,0.2,3.4
2023-05-22,373044.0,198896.0,755.0,3.0,6564.0,3338.0,1989.0,6.0,1206.0,113.0,374.0,810.0,197.0,2109.0,5141.0,,1416.0,546.0,1553.0,720.0,482.0,523.0,,5.4,1.4,1.4,6.0,1.4,6.4,0.8,14.9
2023-05-23,383153.0,193234.0,1156.0,2.0,6411.0,3265.0,3011.0,6.0,1247.0,98.0,374.0,782.0,236.0,2256.0,5345.0,,3455.0,732.0,1664.0,954.0,606.0,997.0,,20.3,3.8,3.8,0.0,3.8,0.0,4.2,11.2
2023-05-24,414999.0,266832.0,1927.0,2.0,8054.0,3277.0,2669.0,6.0,2556.0,87.0,405.0,2911.0,219.0,2882.0,16084.0,2880.0,1670.0,505.0,1460.0,863.0,529.0,3006.0,,0.0,17.7,17.7,4.8,17.7,3.6,47.7,0.0
2023-05-25,507384.0,586480.0,1266.0,,22953.0,3264.0,1862.0,7.0,2451.0,81.0,419.0,1512.0,200.0,2149.0,12418.0,8287.0,1483.0,319.0,1340.0,715.0,462.0,1399.0,,0.0,8.8,8.8,0.8,8.8,9.3,13.4,0.0
2023-05-26,785999.0,544994.0,1159.0,,14428.0,3164.0,1491.0,6.0,1597.0,68.0,380.0,1408.0,186.0,2044.0,10067.0,6052.0,1311.0,301.0,1226.0,649.0,424.0,668.0,,0.0,1.6,1.6,0.0,1.6,0.0,0.0,0.4
2023-05-27,746353.0,418699.0,1125.0,,10364.0,3135.0,1205.0,6.0,1244.0,61.0,362.0,1178.0,169.0,1986.0,7087.0,4146.0,1211.0,284.0,1184.0,577.0,391.0,518.0,,0.0,0.2,0.2,0.0,0.2,0.0,0.0,19.8
2023-05-28,587992.0,341690.0,1628.0,6.0,8378.0,3088.0,1128.0,6.0,1050.0,56.0,338.0,1373.0,163.0,1959.0,5601.0,3995.0,1367.0,267.0,1168.0,567.0,371.0,446.0,,2.2,2.0,2.0,0.0,2.0,0.0,2.2,7.0
2023-05-29,513969.0,316705.0,1803.0,5.0,7517.0,3138.0,1057.0,6.0,1150.0,51.0,,1519.0,156.0,1995.0,5674.0,3469.0,1334.0,261.0,1086.0,548.0,352.0,455.0,,19.9,9.0,9.0,0.4,9.0,17.0,29.0,7.6
2023-05-30,468723.0,368155.0,1682.0,5.0,7695.0,3054.0,1046.0,6.0,1058.0,51.0,394.0,1220.0,152.0,1921.0,4481.0,4024.0,1117.0,247.0,971.0,531.0,337.0,524.0,,0.0,0.2,0.2,0.0,0.2,4.4,0.4,2.2
2023-05-31,497263.0,294582.0,1735.0,4.0,7340.0,3288.0,4431.0,6.0,1714.0,306.0,400.0,1413.0,143.0,1895.0,4854.0,2993.0,1169.0,244.0,901.0,508.0,327.0,437.0,,7.8,7.8,7.8,6.8,7.8,63.8,8.8,10.6
2023-06-01,470632.0,322529.0,1771.0,4.0,5821.0,3711.0,3704.0,6.0,2208.0,1018.0,404.0,5974.0,141.0,1971.0,9796.0,2564.0,970.0,240.0,861.0,521.0,334.0,807.0,,0.8,0.0,0.0,0.0,0.0,0.0,0.2,2.8
2023-06-02,566668.0,296064.0,1607.0,3.0,4998.0,3195.0,1860.0,6.0,1561.0,349.0,413.0,2633.0,136.0,1882.0,5978.0,,976.0,238.0,818.0,504.0,359.0,654.0,,4.2,1.8,1.8,0.0,1.8,4.2,3.2,10.0
2023-06-03,509043.0,291508.0,1483.0,2.0,4459.0,3403.0,3250.0,6.0,1393.0,197.0,413.0,4136.0,130.0,2226.0,5411.0,2623.0,1678.0,400.0,992.0,500.0,335.0,478.0,,0.0,5.2,5.2,0.0,5.2,0.0,6.4,0.0
2023-06-04,496511.0,276856.0,1376.0,2.0,4096.0,3149.0,3199.0,5.0,1200.0,137.0,400.0,1817.0,145.0,2836.0,14744.0,2818.0,1419.0,309.0,1145.0,558.0,320.0,509.0,,5.8,0.0,0.0,0.4,0.0,0.2,0.2,15.9
2023-06-05,466588.0,257487.0,1499.0,2.0,3867.0,2986.0,2639.0,6.0,1250.0,103.0,394.0,1703.0,137.0,2003.0,6075.0,,1258.0,321.0,1087.0,524.0,308.0,512.0,,0.2,0.0,0.0,0.0,0.0,0.0,0.0,0.0
2023-06-06,439642.0,242828.0,1306.0,2.0,4481.0,3105.0,1893.0,6.0,1650.0,81.0,385.0,1470.0,123.0,1909.0,4342.0,1636.0,941.0,251.0,971.0,556.0,303.0,482.0,,0.0,0.0,0.0,0.0,0.0,1.8,0.0,0.0
2023-06-07,401997.0,222249.0,1219.0,1.0,3832.0,2935.0,1602.0,6.0,1108.0,70.0,362.0,1056.0,107.0,1866.0,3647.0,,873.0,256.0,1067.0,474.0,302.0,411.0,,0.0,0.0,0.0,0.0,0.0,0.0,0.0,0.0
2023-06-08,376646.0,224937.0,1173.0,1.0,3832.0,2911.0,1264.0,7.0,938.0,61.0,355.0,887.0,94.0,1832.0,3106.0,,834.0,224.0,1166.0,454.0,289.0,352.0,,0.0,5.6,5.6,0.0,5.6,0.0,0.4,0.0
2023-06-09,346616.0,216040.0,1204.0,1.0,3885.0,2904.0,1186.0,7.0,863.0,69.0,330.0,839.0,110.0,1968.0,3064.0,2697.0,888.0,277.0,1653.0,510.0,305.0,304.0,,24.7,9.9,9.9,15.0,9.9,4.8,9.0,10.4
2023-06-10,356965.0,220383.0,1296.0,1.0,5883.0,2963.0,1139.0,11.0,920.0,277.0,316.0,1252.0,106.0,1902.0,4255.0,2302.0,1144.0,406.0,2009.0,493.0,298.0,365.0,,1.2,1.6,1.6,0.2,1.6,0.0,7.6,0.0
2023-06-11,388222.0,196084.0,1109.0,1.0,4751.0,2868.0,1037.0,10.0,735.0,157.0,290.0,819.0,89.0,1936.0,11030.0,,880.0,261.0,1752.0,451.0,281.0,2256.0,,0.4,7.9,7.9,0.0,7.9,0.0,4.8,6.5
2023-06-12,406711.0,222772.0,1143.0,1.0,5217.0,2888.0,991.0,8.0,746.0,115.0,293.0,718.0,328.0,1849.0,10569.0,2512.0,875.0,355.0,1896.0,615.0,309.0,4175.0,,15.0,33.8,33.8,4.2,33.8,17.1,12.2,2.8
2023-06-13,416970.0,292656.0,1288.0,1.0,12889.0,2874.0,982.0,6.0,806.0,93.0,273.0,834.0,274.0,2356.0,6854.0,8751.0,1319.0,621.0,2012.0,721.0,312.0,1464.0,,18.0,24.8,24.8,16.8,24.8,14.7,30.6,2.0
2023-06-14,538705.0,574323.0,1454.0,2.0,18909.0,2941.0,1455.0,6.0,893.0,106.0,313.0,1263.0,197.0,4943.0,12697.0,8958.0,2292.0,718.0,1879.0,527.0,289.0,715.0,,0.4,0.0,0.0,0.6,0.0,1.6,0.2,17.1
2023-06-15,865301.0,453010.0,1187.0,2.0,11986.0,2846.0,1092.0,6.0,689.0,95.0,264.0,1056.0,172.0,2462.0,7499.0,4947.0,924.0,397.0,1615.0,484.0,278.0,478.0,,0.0,0.2,0.2,0.0,0.2,0.4,0.2,0.0
2023-06-16,758840.0,313048.0,1135.0,2.0,8228.0,2794.0,985.0,6.0,605.0,77.0,236.0,829.0,163.0,2161.0,4872.0,3411.0,771.0,320.0,1481.0,456.0,279.0,373.0,,0.0,0.0,0.0,0.2,0.0,0.0,0.0,0.2
2023-06-17,550165.0,257720.0,1088.0,1.0,6108.0,2759.0,929.0,6.0,522.0,65.0,221.0,730.0,151.0,2041.0,3857.0,3077.0,773.0,280.0,1270.0,438.0,271.0,320.0,,0.0,13.7,13.7,3.0,13.7,0.6,11.2,0.0
2023-06-18,438842.0,253700.0,1052.0,1.0,5145.0,2685.0,867.0,6.0,476.0,57.0,216.0,748.0,153.0,2045.0,3937.0,3109.0,722.0,268.0,1115.0,437.0,271.0,410.0,,0.0,7.8,7.8,0.0,7.8,0.0,10.2,8.7
2023-06-19,384927.0,255790.0,1021.0,1.0,4252.0,2670.0,830.0,6.0,729.0,249.0,249.0,815.0,144.0,2008.0,3928.0,3310.0,699.0,238.0,1259.0,438.0,273.0,471.0,,0.2,2.4,2.4,0.8,2.4,1.8,3.0,1.0
2023-06-20,432168.0,242740.0,980.0,1.0,3978.0,2673.0,802.0,5.0,543.0,218.0,244.0,887.0,3217.0,2484.0,5724.0,2885.0,671.0,226.0,1140.0,441.0,279.0,3792.0,,0.0,9.2,9.2,0.0,9.2,0.0,9.2,22.1
2023-06-21,517890.0,225680.0,929.0,1.0,3601.0,2664.0,783.0,5.0,681.0,1471.0,250.0,749.0,11767.0,3089.0,12721.0,2758.0,671.0,224.0,2148.0,461.0,290.0,11503.0,,0.0,3.8,3.8,2.8,3.8,1.4,4.8,1.8
2023-06-22,815453.0,224551.0,1888.0,1.0,3587.0,2687.0,749.0,5.0,695.0,1364.0,,949.0,8003.0,2527.0,18331.0,2878.0,2191.0,863.0,1963.0,863.0,411.0,12026.0,,41.5,1.4,1.4,5.1,1.4,0.2,1.6,3.2
2023-06-23,887140.0,207911.0,1413.0,1.0,3263.0,2680.0,723.0,5.0,686.0,1030.0,387.0,850.0,4161.0,2407.0,8631.0,2584.0,1924.0,558.0,1973.0,557.0,322.0,12714.0,,0.0,0.2,0.2,0.2,0.2,0.0,0.2,0.2
2023-06-24,618977.0,171137.0,1103.0,1.0,3129.0,2591.0,654.0,4.0,476.0,525.0,362.0,726.0,2810.0,2178.0,5428.0,,921.0,346.0,1718.0,475.0,293.0,15393.0,,0.0,0.0,0.0,0.0,0.0,0.0,0.0,0.0
2023-06-25,418798.0,152403.0,999.0,1.0,3060.0,2578.0,588.0,,399.0,314.0,342.0,647.0,2130.0,2060.0,3894.0,,789.0,288.0,1496.0,433.0,277.0,17750.0,,0.0,0.4,0.4,0.2,0.4,0.2,0.6,0.0
2023-06-26,352217.0,135373.0,924.0,1.0,3061.0,2559.0,548.0,,365.0,201.0,327.0,597.0,1700.0,1994.0,3393.0,,719.0,263.0,1331.0,411.0,270.0,4623.0,,0.0,0.0,0.0,0.0,0.0,0.4,0.4,0.2
2023-06-27,293315.0,130986.0,874.0,1.0,2773.0,2540.0,540.0,5.0,349.0,149.0,311.0,551.0,1404.0,1946.0,3122.0,1730.0,685.0,237.0,1198.0,399.0,268.0,1218.0,,0.0,0.0,0.0,0.0,0.0,0.0,0.0,0.0
2023-06-28,271390.0,122638.0,822.0,1.0,2672.0,2492.0,495.0,,335.0,119.0,284.0,455.0,1178.0,1898.0,2869.0,,647.0,213.0,1075.0,388.0,256.0,727.0,,0.0,0.0,0.0,0.0,0.0,0.0,0.0,0.2
2023-06-29,255160.0,129406.0,786.0,1.0,2664.0,2501.0,467.0,,312.0,97.0,262.0,433.0,1039.0,1863.0,2801.0,1497.0,612.0,205.0,980.0,378.0,255.0,577.0,,12.1,12.3,12.3,22.1,12.3,17.2,15.4,4.8
2023-06-30,242974.0,136309.0,1049.0,1.0,3232.0,2960.0,969.0,6.0,1457.0,86.0,246.0,452.0,1042.0,1855.0,2742.0,2566.0,1018.0,353.0,1011.0,384.0,255.0,497.0,,3.0,0.8,0.8,0.0,0.8,0.2,0.6,10.7
2023-07-01,259758.0,144251.0,902.0,1.0,3562.0,2844.0,886.0,5.0,969.0,76.0,238.0,439.0,929.0,1828.0,3207.0,2646.0,795.0,282.0,1367.0,423.0,268.0,435.0,,0.0,0.0,0.0,0.4,0.0,16.6,0.0,14.6
2023-07-02,269784.0,107686.0,815.0,1.0,3388.0,2759.0,840.0,5.0,1294.0,66.0,219.0,430.0,853.0,1840.0,2830.0,2497.0,704.0,250.0,1418.0,444.0,268.0,409.0,,0.0,0.2,0.2,4.8,0.2,7.0,0.4,0.2
2023-07-03,257621.0,96335.0,761.0,1.0,3235.0,2694.0,759.0,4.0,843.0,58.0,206.0,421.0,755.0,1762.0,2676.0,,632.0,212.0,1146.0,403.0,256.0,387.0,,0.0,0.0,0.0,0.0,0.0,0.2,0.0,0.0
2023-07-04,239769.0,96278.0,711.0,1.0,3127.0,2637.0,643.0,,637.0,52.0,193.0,439.0,686.0,1741.0,2120.0,,582.0,186.0,1000.0,384.0,248.0,347.0,,0.0,2.0,2.0,0.0,2.0,1.6,1.2,1.8
2023-07-05,228058.0,98890.0,667.0,1.0,3150.0,2576.0,563.0,,531.0,48.0,173.0,495.0,622.0,1714.0,1964.0,,537.0,174.0,968.0,370.0,248.0,309.0,,0.0,0.2,0.2,0.0,0.2,0.0,0.2,0.4
2023-07-06,207121.0,90217.0,655.0,1.0,2999.0,2541.0,516.0,,454.0,44.0,173.0,348.0,560.0,2024.0,1918.0,,507.0,167.0,897.0,366.0,248.0,276.0,,11.0,0.4,0.4,0.0,0.4,1.8,0.8,0.0
2023-07-07,195253.0,92220.0,650.0,1.0,2872.0,2480.0,499.0,,380.0,42.0,164.0,307.0,818.0,2202.0,2136.0,,505.0,166.0,814.0,397.0,251.0,253.0,,3.4,7.3,7.3,15.6,7.3,9.4,6.6,6.2
2023-07-08,218459.0,86083.0,666.0,1.0,2762.0,2492.0,607.0,,556.0,44.0,150.0,1086.0,893.0,2178.0,3448.0,,518.0,199.0,753.0,467.0,251.0,2028.0,,0.0,0.0,0.0,0.0,0.0,0.0,0.0,0.0
2023-07-09,216488.0,78096.0,561.0,0.0,2841.0,2487.0,498.0,,343.0,40.0,139.0,559.0,668.0,1905.0,2897.0,2206.0,433.0,158.0,672.0,393.0,237.0,865.0,,0.0,0.0,0.0,0.0,0.0,0.2,0.0,0.0
2023-07-10,193617.0,71570.0,525.0,0.0,3020.0,2415.0,407.0,,277.0,34.0,152.0,358.0,588.0,1879.0,2210.0,2279.0,392.0,142.0,611.0,371.0,239.0,455.0,,0.0,0.0,0.0,0.0,0.0,0.2,0.2,0.2
2023-07-11,178101.0,68310.0,480.0,0.0,3125.0,2394.0,356.0,,257.0,31.0,128.0,479.0,538.0,1995.0,1718.0,,365.0,131.0,566.0,364.0,234.0,287.0,,1.8,2.0,2.0,0.0,2.0,0.0,2.4,0.0
2023-07-12,157551.0,70008.0,470.0,0.0,3109.0,2391.0,321.0,,248.0,31.0,126.0,631.0,496.0,2205.0,1686.0,,354.0,124.0,575.0,346.0,230.0,191.0,,0.0,1.0,1.0,0.0,1.0,0.0,0.4,0.0
2023-07-13,152617.0,69216.0,460.0,0.0,3066.0,2386.0,309.0,,284.0,28.0,125.0,516.0,454.0,2404.0,1515.0,1853.0,343.0,110.0,560.0,346.0,233.0,163.0,,0.0,0.2,0.2,0.0,0.2,0.0,0.2,0.2
2023-07-14,140374.0,66393.0,437.0,0.0,3263.0,2300.0,303.0,,238.0,25.0,121.0,340.0,418.0,2388.0,1424.0,2286.0,322.0,98.0,506.0,334.0,229.0,133.0,,0.0,0.0,0.0,0.0,0.0,0.0,0.0,0.0
2023-07-15,144403.0,61183.0,417.0,0.0,3336.0,2319.0,273.0,,221.0,25.0,115.0,223.0,377.0,2369.0,1401.0,,299.0,102.0,514.0,329.0,243.0,99.0,,2.2,2.4,2.4,2.0,2.4,1.2,3.4,1.0
2023-07-16,127802.0,60300.0,408.0,0.0,3265.0,2384.0,244.0,,225.0,24.0,100.0,419.0,354.0,2403.0,1290.0,,286.0,96.0,691.0,330.0,242.0,92.0,,0.0,0.0,0.0,0.0,0.0,0.0,0.0,0.0
2023-07-17,123256.0,60092.0,386.0,0.0,3220.0,2360.0,240.0,,210.0,20.0,110.0,277.0,311.0,2326.0,1235.0,,284.0,95.0,508.0,315.0,235.0,87.0,,0.0,0.0,0.0,0.0,0.0,0.0,0.2,0.2
2023-07-18,108435.0,53177.0,356.0,0.0,3218.0,2299.0,238.0,,192.0,17.0,97.0,358.0,282.0,2278.0,1092.0,,259.0,91.0,438.0,305.0,226.0,48.0,,0.0,1.6,1.6,1.2,1.6,2.0,1.4,0.0
2023-07-19,115689.0,55821.0,360.0,0.0,3430.0,2298.0,211.0,,188.0,17.0,93.0,395.0,259.0,2270.0,782.0,,243.0,84.0,405.0,289.0,225.0,80.0,,0.0,0.0,0.0,0.0,0.0,0.0,0.0,0.0
2023-07-20,107461.0,57020.0,353.0,0.0,3620.0,2303.0,183.0,,180.0,16.0,90.0,258.0,239.0,2419.0,755.0,,240.0,75.0,387.0,289.0,225.0,74.0,,0.0,0.6,0.6,0.0,0.6,0.0,1.2,0.0
2023-07-21,104526.0,52897.0,351.0,0.0,3719.0,2298.0,167.0,,178.0,16.0,88.0,346.0,216.0,2533.0,613.0,,233.0,71.0,374.0,308.0,225.0,25.0,,0.0,1.0,1.0,0.0,1.0,0.2,1.0,0.2
2023-07-22,116339.0,51189.0,339.0,0.0,3600.0,2297.0,186.0,,163.0,15.0,88.0,302.0,205.0,2446.0,949.0,2136.0,222.0,65.0,369.0,297.0,223.0,37.0,,0.0,0.0,0.0,0.0,0.0,0.0,0.2,0.0
2023-07-23,102725.0,55652.0,329.0,0.0,4925.0,2296.0,200.0,,157.0,13.0,72.0,311.0,189.0,2418.0,945.0,2028.0,213.0,64.0,348.0,295.0,222.0,104.0,,0.0,0.8,0.8,3.4,0.8,2.6,0.8,1.8
2023-07-24,92831.0,54012.0,352.0,0.0,4999.0,2275.0,104.0,,163.0,13.0,98.0,341.0,217.0,2309.0,1427.0,2156.0,337.0,75.0,448.0,334.0,235.0,230.0,,0.0,6.0,6.0,3.6,6.0,1.8,6.4,1.8
2023-07-25,107494.0,61223.0,357.0,0.0,4203.0,2350.0,98.0,,179.0,13.0,85.0,403.0,188.0,2251.0,1553.0,1673.0,297.0,70.0,468.0,347.0,229.0,306.0,,0.0,3.4,3.4,0.0,3.4,0.2,3.2,0.0
2023-07-26,116063.0,67777.0,334.0,0.0,3683.0,2298.0,152.0,,167.0,11.0,84.0,379.0,170.0,2315.0,1639.0,,306.0,61.0,430.0,339.0,223.0,205.0,,0.0,0.0,0.0,0.0,0.0,0.2,0.2,0.0
2023-07-27,113883.0,61676.0,326.0,0.0,4555.0,2286.0,161.0,,157.0,10.0,82.0,279.0,165.0,2258.0,1700.0,2148.0,251.0,61.0,386.0,334.0,225.0,154.0,,0.0,14.1,14.1,39.9,14.1,11.4,15.6,0.0
2023-07-28,115168.0,93509.0,312.0,0.0,3642.0,2218.0,138.0,,149.0,10.0,78.0,654.0,150.0,2392.0,1205.0,2831.0,219.0,64.0,358.0,315.0,224.0,161.0,,0.0,0.2,0.2,0.0,0.2,0.2,0.2,0.0
2023-07-29,105467.0,78677.0,322.0,0.0,2916.0,2227.0,131.0,,138.0,8.0,73.0,352.0,136.0,2353.0,1705.0,2024.0,207.0,62.0,344.0,306.0,216.0,112.0,,2.2,2.6,2.6,0.8,2.6,0.2,3.4,0.0
2023-07-30,137945.0,64573.0,331.0,0.0,3325.0,2216.0,113.0,,134.0,7.0,64.0,358.0,118.0,2609.0,1215.0,1471.0,196.0,58.0,364.0,294.0,215.0,52.0,,0.0,2.2,2.2,0.0,2.2,0.2,2.0,0.0
2023-07-31,120770.0,66739.0,291.0,0.0,2947.0,2208.0,104.0,,122.0,8.0,76.0,336.0,114.0,2520.0,1297.0,,188.0,52.0,336.0,287.0,218.0,47.0,,0.0,0.0,0.0,0.0,0.0,0.0,0.2,0.0
2023-08-01,113522.0,60271.0,273.0,0.0,2540.0,2261.0,99.0,,135.0,8.0,74.0,162.0,106.0,2332.0,960.0,1699.0,185.0,53.0,434.0,314.0,219.0,68.0,,0.0,0.2,0.2,0.4,0.2,4.8,0.2,8.0
2023-08-02,117653.0,53036.0,299.0,0.0,2601.0,2271.0,100.0,,152.0,7.0,67.0,327.0,85.0,2323.0,878.0,1682.0,193.0,61.0,504.0,320.0,228.0,87.0,,0.0,4.2,4.2,0.0,4.2,0.6,4.4,2.2
2023-08-03,110755.0,47805.0,275.0,0.0,3476.0,2236.0,90.0,,139.0,6.0,64.0,338.0,79.0,2368.0,831.0,1652.0,214.0,57.0,765.0,334.0,231.0,206.0,,0.0,2.8,2.8,0.0,2.8,4.0,2.8,2.0
2023-08-04,102550.0,54350.0,299.0,0.0,3718.0,2271.0,116.0,,142.0,6.0,67.0,350.0,75.0,2283.0,1112.0,1871.0,216.0,53.0,1099.0,340.0,229.0,242.0,,0.0,6.2,6.2,2.6,6.2,6.4,5.2,11.0
2023-08-05,99713.0,65661.0,290.0,0.0,3495.0,2309.0,105.0,,151.0,6.0,61.0,336.0,67.0,2299.0,1719.0,,218.0,53.0,1120.0,327.0,225.0,183.0,,0.0,0.2,0.2,0.2,0.2,2.6,0.2,1.4
2023-08-06,109451.0,61601.0,283.0,0.0,3502.0,2304.0,127.0,,144.0,6.0,53.0,206.0,63.0,2208.0,1558.0,,196.0,50.0,793.0,327.0,223.0,213.0,,0.0,0.0,0.0,0.0,0.0,0.2,0.0,0.0
2023-08-07,120104.0,53028.0,284.0,0.0,3446.0,2288.0,130.0,,138.0,5.0,65.0,245.0,58.0,2316.0,1170.0,1582.0,186.0,46.0,616.0,315.0,220.0,135.0,,0.0,0.0,0.0,0.0,0.0,0.0,0.2,0.2
2023-08-08,108075.0,48087.0,273.0,0.0,3728.0,2255.0,111.0,,135.0,5.0,55.0,,53.0,2291.0,736.0,1773.0,175.0,46.0,498.0,298.0,226.0,112.0,,0.0,0.2,0.2,0.0,0.2,0.0,0.0,0.0
2023-08-09,91453.0,45579.0,264.0,0.0,3873.0,2222.0,97.0,,122.0,5.0,53.0,,42.0,2631.0,648.0,1588.0,163.0,48.0,407.0,289.0,215.0,43.0,,0.0,0.0,0.0,0.0,0.0,0.0,0.0,0.0
2023-08-10,80321.0,47341.0,249.0,0.0,4824.0,2236.0,81.0,,113.0,5.0,51.0,365.0,33.0,2723.0,640.0,1539.0,152.0,51.0,358.0,283.0,214.0,12.0,,0.0,0.0,0.0,0.0,0.0,0.2,0.2,0.0
2023-08-11,95947.0,53878.0,244.0,0.0,4628.0,2203.0,69.0,,109.0,5.0,51.0,268.0,33.0,2672.0,961.0,1863.0,148.0,52.0,343.0,282.0,213.0,42.0,,0.0,0.2,0.2,0.0,0.2,0.0,0.2,0.2
2023-08-12,104266.0,54670.0,235.0,0.0,4581.0,2218.0,61.0,,109.0,5.0,47.0,269.0,29.0,2532.0,903.0,,141.0,53.0,316.0,271.0,209.0,405.0,,0.0,0.6,0.6,0.0,0.6,0.2,0.8,0.0
2023-08-13,93961.0,56457.0,217.0,0.0,4455.0,2213.0,52.0,,107.0,4.0,42.0,351.0,25.0,2523.0,1110.0,,135.0,48.0,293.0,270.0,215.0,393.0,,0.0,0.8,0.8,0.0,0.8,0.0,1.0,0.4
2023-08-14,98403.0,56060.0,217.0,0.0,4336.0,2180.0,44.0,,105.0,4.0,53.0,344.0,20.0,2485.0,1125.0,1634.0,131.0,43.0,408.0,319.0,232.0,268.0,,0.0,0.8,0.8,1.6,0.8,0.4,1.2,0.4
2023-08-15,108310.0,55090.0,218.0,0.0,4268.0,2193.0,40.0,,97.0,4.0,45.0,243.0,12.0,2438.0,919.0,1904.0,131.0,42.0,325.0,332.0,334.0,226.0,,0.0,0.0,0.0,0.2,0.0,0.2,0.0,0.0
2023-08-16,111964.0,52164.0,209.0,0.0,4182.0,2159.0,37.0,,96.0,4.0,43.0,238.0,10.0,2626.0,1039.0,,125.0,37.0,276.0,332.0,251.0,196.0,,0.0,4.2,4.2,0.0,4.2,0.0,0.8,0.0
2023-08-17,104861.0,52848.0,206.0,0.0,4094.0,2145.0,34.0,,92.0,4.0,46.0,243.0,10.0,2660.0,1262.0,1939.0,121.0,34.0,260.0,315.0,233.0,242.0,,0.0,0.2,0.2,0.0,0.2,0.2,0.2,0.0
2023-08-18,97163.0,52411.0,191.0,0.0,3930.0,2116.0,31.0,,90.0,4.0,41.0,306.0,15.0,2597.0,998.0,,116.0,31.0,249.0,288.0,227.0,177.0,,0.0,0.0,0.0,0.0,0.0,0.0,0.0,0.0
2023-08-19,91394.0,51654.0,184.0,0.0,3852.0,2143.0,28.0,,88.0,3.0,35.0,189.0,15.0,2618.0,1135.0,,113.0,32.0,229.0,288.0,227.0,41.0,,0.0,0.0,0.0,0.0,0.0,0.0,0.0,0.0
2023-08-20,96552.0,51354.0,177.0,0.0,4066.0,2139.0,28.0,,86.0,3.0,26.0,330.0,12.0,2621.0,1115.0,,112.0,33.0,217.0,274.0,217.0,7.0,,0.0,0.0,0.0,0.0,0.0,0.2,0.0,0.0
2023-08-21,96008.0,49935.0,178.0,0.0,3961.0,2115.0,29.0,,85.0,3.0,42.0,185.0,9.0,2370.0,923.0,,111.0,27.0,204.0,271.0,217.0,190.0,,0.0,0.0,0.0,0.0,0.0,0.0,0.2,0.0
2023-08-22,93711.0,48706.0,167.0,0.0,3997.0,2116.0,27.0,,86.0,4.0,35.0,245.0,8.0,2241.0,786.0,,109.0,24.0,192.0,279.0,217.0,151.0,,3.7,0.0,0.0,0.0,0.0,0.0,0.0,0.0
2023-08-23,93867.0,48594.0,167.0,0.0,3978.0,2099.0,25.0,,87.0,3.0,31.0,222.0,7.0,2089.0,410.0,,107.0,21.0,183.0,272.0,216.0,99.0,,0.0,0.0,0.0,0.0,0.0,0.0,0.0,0.0
2023-08-24,108020.0,50086.0,138.0,0.0,3930.0,2070.0,23.0,,85.0,3.0,32.0,269.0,7.0,2163.0,644.0,1860.0,104.0,17.0,172.0,264.0,215.0,89.0,,0.0,2.8,2.8,0.2,2.8,0.0,4.0,0.0
2023-08-25,113291.0,51063.0,145.0,0.0,3632.0,2097.0,20.0,,84.0,4.0,36.0,317.0,6.0,2157.0,1122.0,1622.0,99.0,11.0,172.0,261.0,218.0,125.0,,0.0,9.7,9.7,1.2,9.7,0.2,8.4,0.2
2023-08-26,122127.0,49664.0,265.0,0.0,3376.0,2250.0,28.0,,91.0,4.0,45.0,314.0,6.0,2217.0,1097.0,1642.0,116.0,17.0,206.0,265.0,218.0,196.0,,26.3,37.0,37.0,20.9,37.0,17.6,38.8,16.6
2023-08-27,95821.0,81541.0,766.0,0.0,3114.0,2458.0,57.0,,157.0,4.0,34.0,615.0,5.0,2499.0,2519.0,3772.0,267.0,70.0,220.0,276.0,220.0,208.0,,0.6,24.6,24.6,0.2,24.6,1.2,31.0,0.0
2023-08-28,115093.0,179978.0,390.0,0.0,2808.0,2360.0,37.0,,148.0,4.0,58.0,764.0,,1899.0,3284.0,3600.0,187.0,43.0,214.0,270.0,222.0,332.0,,0.0,5.8,5.8,0.0,5.8,2.2,5.4,0.6
2023-08-29,192278.0,223703.0,288.0,0.0,2781.0,2297.0,69.0,,126.0,3.0,52.0,547.0,,1871.0,2454.0,,191.0,42.0,240.0,268.0,220.0,309.0,,0.0,0.0,0.0,0.0,0.0,0.2,0.0,0.2
2023-08-30,276221.0,103484.0,261.0,0.0,2406.0,2286.0,88.0,,123.0,3.0,44.0,409.0,,1851.0,1905.0,,161.0,40.0,230.0,269.0,216.0,217.0,,0.0,2.0,2.0,0.0,2.0,1.2,1.8,0.0
2023-08-31,207251.0,73368.0,251.0,0.0,2606.0,2308.0,74.0,,126.0,3.0,44.0,352.0,,1867.0,1471.0,,142.0,42.0,217.0,265.0,216.0,177.0,,0.0,0.2,0.2,0.0,0.2,0.0,0.0,0.0
2023-09-01,166917.0,62846.0,240.0,0.0,3038.0,2292.0,60.0,,126.0,3.0,38.0,302.0,,1856.0,1267.0,1616.0,131.0,47.0,208.0,263.0,214.0,147.0,,0.6,9.5,9.5,1.4,9.5,10.1,8.0,0.0
2023-09-02,150350.0,58791.0,243.0,0.0,2932.0,2415.0,51.0,,123.0,19.0,41.0,321.0,,1796.0,1075.0,,123.0,55.0,225.0,281.0,212.0,475.0,,0.2,2.0,2.0,0.2,2.0,4.6,2.0,0.0
2023-09-03,125936.0,60259.0,253.0,0.0,2997.0,2600.0,44.0,,118.0,32.0,29.0,298.0,,1791.0,1109.0,,117.0,55.0,211.0,272.0,214.0,1681.0,,0.0,0.0,0.0,0.0,0.0,0.0,0.0,0.0
2023-09-04,111661.0,55016.0,228.0,0.0,3195.0,2371.0,40.0,,107.0,14.0,45.0,249.0,,1790.0,1181.0,1630.0,111.0,52.0,173.0,254.0,208.0,373.0,,0.0,0.0,0.0,0.0,0.0,0.0,0.0,0.0
2023-09-05,108099.0,48375.0,199.0,0.0,3619.0,2296.0,33.0,,94.0,7.0,36.0,206.0,,1851.0,952.0,1557.0,106.0,47.0,157.0,258.0,206.0,198.0,,0.0,0.0,0.0,0.0,0.0,0.0,0.0,0.0
2023-09-06,95314.0,45724.0,189.0,0.0,3635.0,2283.0,31.0,,90.0,5.0,38.0,195.0,,1930.0,936.0,1750.0,104.0,46.0,151.0,252.0,207.0,138.0,,0.0,0.0,0.0,0.0,0.0,0.0,0.0,0.0
2023-09-07,87018.0,50143.0,192.0,0.0,3487.0,2267.0,29.0,,88.0,4.0,43.0,324.0,,2230.0,829.0,1454.0,106.0,44.0,146.0,247.0,204.0,98.0,,0.0,0.0,0.0,0.0,0.0,0.0,0.0,0.0
2023-09-08,85064.0,53594.0,186.0,0.0,3487.0,2250.0,28.0,,86.0,4.0,45.0,246.0,,2038.0,782.0,1410.0,103.0,39.0,140.0,242.0,205.0,84.0,,0.0,0.0,0.0,0.0,0.0,0.0,0.0,0.0
2023-09-09,85338.0,54301.0,179.0,0.0,3490.0,2213.0,27.0,,87.0,4.0,36.0,206.0,,1981.0,999.0,1379.0,104.0,37.0,136.0,243.0,203.0,81.0,,0.0,0.0,0.0,0.0,0.0,0.0,0.0,0.0
2023-09-10,99546.0,52594.0,170.0,0.0,3417.0,2202.0,25.0,,93.0,3.0,28.0,192.0,,1905.0,1188.0,1386.0,104.0,31.0,133.0,245.0,202.0,80.0,,0.0,0.0,0.0,0.0,0.0,0.0,0.2,0.0
2023-09-11,101037.0,48781.0,158.0,0.0,3274.0,2359.0,25.0,,98.0,3.0,45.0,205.0,,1883.0,1144.0,1209.0,102.0,26.0,129.0,249.0,203.0,93.0,,0.0,1.4,1.4,0.4,1.4,0.0,2.0,0.0
2023-09-12,97845.0,47290.0,227.0,0.0,3161.0,2250.0,28.0,,90.0,3.0,42.0,431.0,,2347.0,5796.0,995.0,102.0,24.0,130.0,260.0,209.0,2244.0,,15.6,3.8,3.8,7.0,3.8,21.0,2.2,25.7
2023-09-13,123024.0,46564.0,846.0,0.0,2871.0,2481.0,41.0,,400.0,3.0,47.0,421.0,,1830.0,6081.0,1125.0,101.0,44.0,195.0,276.0,217.0,802.0,,5.7,0.0,0.0,0.2,0.0,0.0,0.2,0.6
2023-09-14,147045.0,45698.0,389.0,0.0,2760.0,2448.0,30.0,,214.0,3.0,47.0,341.0,,1771.0,1250.0,1056.0,104.0,48.0,208.0,272.0,209.0,447.0,,0.0,0.2,0.2,0.0,0.2,0.0,0.0,0.2
2023-09-15,129766.0,45270.0,302.0,0.0,2827.0,2305.0,29.0,,142.0,3.0,42.0,327.0,,1863.0,1276.0,1908.0,106.0,44.0,167.0,260.0,208.0,304.0,,55.6,34.9,34.9,0.4,34.9,1.0,43.3,0.2
2023-09-16,105076.0,47995.0,2616.0,0.0,2940.0,2299.0,30.0,,131.0,3.0,41.0,1712.0,,1828.0,1596.0,,409.0,177.0,169.0,255.0,206.0,216.0,,39.6,0.0,0.0,0.0,0.0,0.0,0.0,0.0
2023-09-17,128878.0,46744.0,1442.0,0.0,2866.0,2322.0,27.0,,128.0,3.0,37.0,462.0,,1681.0,1804.0,1432.0,207.0,105.0,233.0,295.0,212.0,288.0,,6.5,1.4,1.4,0.8,1.4,0.0,1.2,15.4
2023-09-18,129276.0,46962.0,830.0,0.0,2851.0,2369.0,27.0,5.0,202.0,9.0,59.0,264.0,,1649.0,1990.0,1392.0,448.0,173.0,386.0,298.0,211.0,229.0,,3.0,0.0,0.0,0.0,0.0,1.8,0.2,0.6
2023-09-19,211596.0,49583.0,613.0,0.0,2828.0,2317.0,33.0,,150.0,14.0,50.0,187.0,,1667.0,1260.0,1265.0,199.0,102.0,393.0,271.0,209.0,168.0,,0.0,0.2,0.2,0.0,0.2,0.0,0.0,0.2
2023-09-20,181148.0,44186.0,529.0,0.0,2905.0,2416.0,33.0,,134.0,6.0,46.0,173.0,,1645.0,1173.0,926.0,164.0,74.0,281.0,267.0,210.0,135.0,,13.2,0.0,0.0,0.0,0.0,0.0,0.0,0.0
2023-09-21,121026.0,44615.0,571.0,0.0,2962.0,2266.0,32.0,,137.0,5.0,51.0,279.0,,1693.0,1365.0,845.0,153.0,61.0,241.0,300.0,222.0,117.0,,3.2,9.0,9.0,3.8,9.0,1.0,8.6,6.2
2023-09-22,121108.0,50889.0,524.0,0.0,2991.0,2310.0,33.0,,148.0,5.0,53.0,321.0,,1675.0,1841.0,1144.0,177.0,47.0,423.0,316.0,220.0,168.0,,1.0,1.2,1.2,0.2,1.2,0.2,1.8,6.8
2023-09-23,116532.0,51987.0,515.0,0.0,2932.0,2304.0,33.0,,159.0,4.0,43.0,377.0,,1662.0,1664.0,1139.0,182.0,55.0,551.0,296.0,215.0,329.0,,0.0,0.2,0.2,0.0,0.2,0.0,0.0,0.2
2023-09-24,124916.0,49117.0,449.0,0.0,2903.0,2287.0,31.0,,157.0,3.0,29.0,266.0,,1618.0,1536.0,934.0,157.0,44.0,355.0,283.0,212.0,271.0,,0.0,0.0,0.0,0.0,0.0,0.0,0.0,0.2
2023-09-25,108308.0,47369.0,412.0,0.0,2972.0,2280.0,30.0,,149.0,3.0,50.0,237.0,,1614.0,1488.0,853.0,141.0,39.0,277.0,276.0,210.0,211.0,,0.0,0.0,0.0,0.0,0.0,0.0,0.0,0.2
2023-09-26,99387.0,46538.0,382.0,0.0,2917.0,2249.0,30.0,,143.0,3.0,46.0,228.0,,1617.0,1537.0,831.0,129.0,36.0,236.0,274.0,208.0,167.0,,0.0,0.2,0.2,0.0,0.2,0.0,0.2,0.2
2023-09-27,108203.0,44974.0,358.0,0.0,2940.0,2224.0,32.0,,137.0,3.0,42.0,238.0,,1625.0,1258.0,,122.0,37.0,212.0,273.0,216.0,141.0,,0.0,0.0,0.0,0.0,0.0,0.0,0.0,0.0
2023-09-28,116637.0,45351.0,328.0,0.0,2994.0,2210.0,31.0,,130.0,2.0,44.0,241.0,,1748.0,1276.0,,118.0,37.0,197.0,269.0,215.0,125.0,,0.0,0.0,0.0,0.0,0.0,0.0,0.0,0.2
2023-09-29,126518.0,48205.0,308.0,0.0,3025.0,2207.0,29.0,,127.0,3.0,48.0,266.0,,1772.0,1123.0,,115.0,38.0,192.0,265.0,207.0,117.0,,0.0,0.2,0.2,0.0,0.2,0.0,0.2,0.2
2023-09-30,120865.0,47702.0,288.0,0.0,3013.0,2204.0,28.0,,126.0,3.0,41.0,265.0,,1786.0,1277.0,,112.0,38.0,186.0,266.0,218.0,112.0,,0.0,0.2,0.2,0.0,0.2,0.0,0.0,0.2
2023-10-01,118426.0,45808.0,273.0,0.0,2930.0,2202.0,27.0,,129.0,2.0,,242.0,,1682.0,1390.0,,108.0,37.0,192.0,266.0,212.0,105.0,,0.0,0.0,0.0,0.0,0.0,0.0,0.0,0.0
2023-10-02,117561.0,44398.0,257.0,0.0,2961.0,2202.0,26.0,,125.0,2.0,,230.0,,1669.0,1302.0,,106.0,35.0,198.0,265.0,213.0,97.0,,0.0,0.0,0.0,0.0,0.0,0.0,0.0,0.0
2023-10-03,117473.0,44857.0,248.0,0.0,2979.0,2210.0,24.0,,126.0,3.0,,220.0,,1667.0,1483.0,,106.0,39.0,205.0,265.0,212.0,87.0,,0.0,0.0,0.0,0.0,0.0,0.2,0.0,0.0
2023-10-04,106599.0,44001.0,260.0,0.0,2997.0,2218.0,24.0,,136.0,2.0,,244.0,,1741.0,1452.0,,107.0,41.0,222.0,268.0,215.0,85.0,,0.0,0.2,0.2,0.0,0.2,0.0,0.2,0.4
2023-10-05,93906.0,42257.0,242.0,0.0,2983.0,2204.0,24.0,,138.0,2.0,,237.0,,1733.0,1475.0,686.0,107.0,36.0,218.0,269.0,216.0,85.0,,0.0,0.2,0.2,0.0,0.2,0.0,0.2,0.0
2023-10-06,94466.0,43192.0,229.0,0.0,2968.0,2203.0,22.0,,142.0,2.0,,232.0,,1731.0,1529.0,,104.0,36.0,209.0,266.0,218.0,82.0,,0.0,0.0,0.0,0.0,0.0,0.0,0.0,0.2
2023-10-07,124317.0,41918.0,226.0,0.0,2954.0,2201.0,22.0,,137.0,2.0,,234.0,,1736.0,1750.0,,102.0,36.0,200.0,265.0,219.0,80.0,,0.0,0.0,0.0,0.0,0.0,0.0,0.0,0.2
2023-10-08,121554.0,41118.0,221.0,0.0,2956.0,2198.0,21.0,,144.0,2.0,,225.0,,1742.0,1509.0,,99.0,38.0,190.0,260.0,215.0,76.0,,0.0,0.0,0.0,0.0,0.0,0.0,0.0,0.0
2023-10-09,94094.0,40649.0,221.0,0.0,2962.0,2199.0,20.0,,122.0,2.0,,224.0,,1740.0,1754.0,,97.0,38.0,181.0,256.0,218.0,74.0,,0.0,0.0,0.0,0.0,0.0,0.0,0.0,0.2
2023-10-10,89452.0,40941.0,220.0,0.0,2942.0,2187.0,20.0,,100.0,2.0,,220.0,,1732.0,1659.0,,96.0,38.0,183.0,258.0,205.0,71.0,,0.0,0.0,0.0,0.0,0.0,0.0,0.0,0.2
2023-10-11,111517.0,40754.0,220.0,0.0,2933.0,2153.0,20.0,,88.0,2.0,,218.0,,1741.0,1799.0,,96.0,39.0,188.0,259.0,212.0,107.0,,0.0,0.0,0.0,0.0,0.0,0.0,0.0,0.0
2023-10-12,109570.0,41087.0,226.0,0.0,2582.0,2164.0,19.0,,89.0,2.0,,214.0,,1766.0,1614.0,779.0,96.0,39.0,192.0,259.0,211.0,86.0,,0.0,0.0,0.0,0.0,0.0,0.2,0.0,0.0
2023-10-13,127521.0,40234.0,231.0,0.0,2451.0,2160.0,17.0,,89.0,1.0,,213.0,,1738.0,1388.0,746.0,97.0,42.0,198.0,262.0,211.0,72.0,,0.0,0.0,0.0,0.0,0.0,0.2,0.0,0.6
2023-10-14,156090.0,40949.0,233.0,0.0,2272.0,2167.0,17.0,,101.0,2.0,,213.0,,1745.0,1691.0,798.0,102.0,48.0,223.0,266.0,221.0,60.0,,0.0,14.9,14.9,0.0,14.9,0.0,8.4,4.6
2023-10-15,105123.0,42056.0,245.0,0.0,2333.0,2294.0,16.0,,121.0,2.0,,234.0,,1747.0,1537.0,1089.0,111.0,52.0,249.0,268.0,209.0,56.0,,0.6,0.0,0.0,0.0,0.0,0.0,0.0,0.2
2023-10-16,95629.0,42132.0,239.0,0.0,2463.0,2198.0,16.0,,119.0,2.0,,222.0,,1751.0,1851.0,894.0,111.0,53.0,237.0,265.0,214.0,57.0,,10.7,0.0,0.0,0.0,0.0,0.6,0.0,0.0
2023-10-17,91347.0,42914.0,285.0,0.0,2556.0,2121.0,15.0,,129.0,1.0,,212.0,,1723.0,1808.0,,110.0,58.0,233.0,262.0,215.0,59.0,,22.3,0.0,0.0,0.0,0.0,0.4,0.0,0.0
2023-10-18,100942.0,39713.0,466.0,0.0,2541.0,2150.0,14.0,,129.0,2.0,,202.0,,1683.0,1464.0,,120.0,64.0,541.0,279.0,249.0,65.0,,81.6,0.2,0.2,1.0,0.2,2.8,0.4,22.8
2023-10-19,96896.0,37578.0,830.0,0.0,2430.0,2549.0,14.0,,148.0,2.0,,239.0,,1689.0,1498.0,,156.0,73.0,549.0,305.0,224.0,68.0,,147.8,12.5,12.5,8.8,12.5,5.6,10.2,14.8
2023-10-20,96256.0,72973.0,3311.0,0.0,2440.0,2470.0,25.0,,197.0,4.0,,291.0,,1676.0,1355.0,838.0,415.0,160.0,3083.0,370.0,290.0,83.0,,2.4,0.4,0.4,4.4,0.4,5.8,0.4,7.0
2023-10-21,108212.0,76050.0,1519.0,0.0,2475.0,2305.0,32.0,,216.0,5.0,,229.0,,1607.0,1864.0,973.0,349.0,205.0,4779.0,359.0,260.0,399.0,,0.2,0.0,0.0,0.0,0.0,0.0,0.0,1.2
2023-10-22,169336.0,57396.0,1153.0,0.0,2463.0,2233.0,26.0,,178.0,4.0,,206.0,,1624.0,1867.0,925.0,213.0,107.0,2491.0,314.0,240.0,283.0,,14.3,0.6,0.6,0.0,0.6,0.4,0.8,0.2
2023-10-23,147387.0,47029.0,2998.0,0.0,2531.0,4085.0,56.0,,147.0,3.0,,214.0,,1625.0,1939.0,942.0,247.0,142.0,2107.0,315.0,248.0,205.0,,111.4,8.4,8.4,3.2,8.4,0.6,7.2,9.2
2023-10-24,126266.0,91429.0,4440.0,0.0,2466.0,3822.0,73.0,6.0,181.0,5.0,,271.0,,1641.0,2472.0,1308.0,762.0,329.0,2127.0,361.0,273.0,375.0,,0.2,0.0,0.0,0.8,0.0,0.6,0.2,1.2
2023-10-25,149913.0,78809.0,3234.0,0.0,2476.0,2908.0,68.0,6.0,194.0,4.0,,258.0,,1630.0,2118.0,1057.0,414.0,226.0,6383.0,350.0,284.0,503.0,,0.4,1.2,1.2,5.6,1.2,6.8,1.2,8.8
2023-10-26,253297.0,60686.0,3024.0,0.0,2427.0,2721.0,110.0,9.0,311.0,22.0,,989.0,,1745.0,6378.0,1275.0,570.0,449.0,16321.0,714.0,391.0,4761.0,,5.4,11.3,11.3,9.0,11.3,5.8,12.6,14.8
2023-10-27,309521.0,74346.0,2970.0,0.0,2370.0,2597.0,148.0,299.0,554.0,268.0,,1822.0,52.0,1837.0,10823.0,1371.0,796.0,584.0,17193.0,718.0,389.0,9514.0,,1.0,0.2,0.2,0.0,0.2,0.0,0.2,5.2
2023-10-28,324677.0,70742.0,2730.0,0.0,2419.0,2462.0,114.0,105.0,252.0,124.0,,858.0,19.0,1711.0,4779.0,,489.0,359.0,12907.0,525.0,328.0,2900.0,,3.8,0.0,0.0,0.0,0.0,0.0,0.0,0.0
2023-10-29,275230.0,55716.0,2602.0,0.0,2393.0,2448.0,136.0,13.0,164.0,60.0,,381.0,19.0,1704.0,3399.0,1266.0,352.0,268.0,7242.0,430.0,290.0,1299.0,,8.9,0.0,0.0,0.0,0.0,0.0,0.0,0.0
2023-10-30,205282.0,51926.0,2576.0,0.0,2424.0,2408.0,121.0,10.0,149.0,38.0,,386.0,29.0,1725.0,3203.0,1309.0,330.0,242.0,4866.0,550.0,430.0,2785.0,,2.8,9.2,9.2,5.6,9.2,2.4,6.6,11.4
2023-10-31,188106.0,64612.0,2450.0,0.0,1635.0,2394.0,111.0,8.0,147.0,81.0,,473.0,59.0,1711.0,3704.0,1372.0,437.0,254.0,7460.0,823.0,501.0,4579.0,,0.6,0.0,0.0,0.0,0.0,0.0,0.0,0.6
2023-11-01,271212.0,58981.0,2350.0,0.0,1385.0,2339.0,98.0,8.0,149.0,177.0,,326.0,59.0,1693.0,3314.0,1193.0,348.0,236.0,7273.0,663.0,389.0,2011.0,,7.6,12.3,12.3,0.4,12.3,0.0,13.0,11.0
2023-11-02,276294.0,53279.0,2872.0,0.0,1423.0,2467.0,139.0,27.0,318.0,1073.0,,2746.0,402.0,2421.0,6158.0,2667.0,1172.0,840.0,18131.0,1115.0,566.0,5426.0,,9.3,24.7,24.7,17.7,24.7,15.4,23.0,27.6
2023-11-03,266593.0,111112.0,2906.0,0.0,1588.0,2576.0,425.0,529.0,1298.0,4114.0,,11625.0,1329.0,6502.0,25983.0,3896.0,941.0,789.0,19550.0,2381.0,942.0,12112.0,,0.4,16.9,16.9,6.6,16.9,14.2,16.8,11.0
2023-11-04,731425.0,90335.0,3491.0,0.0,1180.0,2683.0,631.0,648.0,2107.0,4440.0,,13648.0,1631.0,7831.0,52914.0,4240.0,992.0,1430.0,40991.0,3134.0,1290.0,16260.0,,26.9,6.6,6.6,15.0,6.6,11.4,8.0,30.4
2023-11-05,1028968.0,95646.0,5720.0,0.0,1119.0,2765.0,637.0,967.0,2016.0,5183.0,,6489.0,2654.0,4843.0,53693.0,2987.0,3755.0,3876.0,53401.0,3775.0,1764.0,20029.0,,0.2,0.0,0.0,1.0,0.0,1.0,0.0,13.6
2023-11-06,1332379.0,78825.0,5195.0,0.0,1080.0,2740.0,575.0,795.0,1327.0,3933.0,,2625.0,2949.0,2967.0,20957.0,2038.0,1923.0,1934.0,33380.0,3072.0,1468.0,23919.0,,0.0,2.2,2.2,1.4,2.2,1.2,3.2,5.0
2023-11-07,1151439.0,69665.0,4687.0,0.0,1497.0,2686.0,452.0,637.0,921.0,2551.0,,1599.0,2324.0,2492.0,10267.0,1642.0,1306.0,1427.0,23729.0,2342.0,1192.0,22220.0,,0.0,0.0,0.0,0.2,0.0,0.0,0.0,0.6
2023-11-08,958114.0,68962.0,4283.0,0.0,1265.0,2564.0,357.0,568.0,712.0,1350.0,,1169.0,1850.0,2316.0,7586.0,1409.0,1018.0,1092.0,15390.0,1839.0,985.0,12471.0,,7.0,4.8,4.8,6.4,4.8,3.6,5.6,5.4
2023-11-09,834557.0,64375.0,4181.0,0.0,1069.0,2631.0,330.0,522.0,869.0,1316.0,,2431.0,2210.0,2652.0,16443.0,2125.0,986.0,1127.0,13611.0,2357.0,1150.0,7877.0,,10.3,6.0,6.0,7.9,6.0,10.0,8.0,6.8
2023-11-10,948771.0,75012.0,3877.0,0.0,1128.0,2766.0,629.0,781.0,1938.0,4468.0,,12052.0,2790.0,3925.0,28118.0,1902.0,1566.0,1845.0,22635.0,2705.0,1271.0,12729.0,,0.6,7.0,7.0,5.6,7.0,10.2,6.8,6.4
2023-11-11,1072887.0,72549.0,3501.0,0.0,1754.0,2925.0,1037.0,875.0,1815.0,3052.0,,9728.0,2495.0,4654.0,34213.0,2690.0,1446.0,1608.0,18480.0,2397.0,1186.0,14649.0,,13.5,18.1,18.1,13.1,18.1,24.5,18.4,29.1
2023-11-12,1246619.0,95211.0,4249.0,0.0,2386.0,3359.0,2812.0,1052.0,5212.0,2800.0,,13546.0,3701.0,7926.0,43895.0,6217.0,2332.0,2318.0,22812.0,3151.0,1815.0,17604.0,,0.4,0.0,0.0,0.2,0.0,0.2,0.0,3.0
2023-11-13,1413388.0,115058.0,4012.0,0.0,2680.0,3431.0,1509.0,942.0,3937.0,2724.0,,5038.0,3046.0,3933.0,40879.0,3647.0,1494.0,1574.0,20500.0,2659.0,1593.0,16171.0,,0.0,0.0,0.0,0.0,0.0,0.0,0.0,0.2
2023-11-14,1236947.0,82871.0,3720.0,0.0,2294.0,3046.0,990.0,797.0,2600.0,1738.0,,2806.0,2424.0,3203.0,14460.0,,1764.0,1406.0,27150.0,2199.0,1432.0,11602.0,,0.0,6.6,6.6,1.2,6.6,10.4,6.4,2.6
2023-11-15,793124.0,67240.0,3527.0,0.0,2217.0,3024.0,828.0,687.0,2015.0,1154.0,,2183.0,1998.0,2813.0,11051.0,2526.0,1389.0,1163.0,21734.0,1918.0,1340.0,3514.0,,0.0,0.8,0.8,0.2,0.8,0.0,0.8,0.4
2023-11-16,810970.0,66060.0,3332.0,0.0,2758.0,2861.0,739.0,623.0,1825.0,843.0,,2008.0,1797.0,2583.0,9889.0,2210.0,1237.0,1060.0,15543.0,1855.0,1508.0,2564.0,,0.6,0.8,0.8,3.0,0.8,7.0,0.8,3.6
2023-11-17,698005.0,61944.0,3073.0,0.0,1916.0,2874.0,683.0,571.0,1631.0,698.0,,1532.0,1557.0,2408.0,8441.0,1904.0,1091.0,952.0,11834.0,1705.0,1392.0,2244.0,,0.0,0.2,0.2,0.2,0.2,0.6,0.0,0.0
2023-11-18,709202.0,58572.0,2838.0,0.0,1752.0,2780.0,632.0,529.0,1389.0,611.0,,1274.0,1373.0,2240.0,7383.0,1997.0,998.0,840.0,9106.0,1510.0,1274.0,1900.0,,0.0,0.0,0.0,0.2,0.0,0.0,0.0,0.0
2023-11-19,635845.0,51312.0,2645.0,0.0,1400.0,2729.0,569.0,467.0,1206.0,516.0,,1124.0,1226.0,2212.0,6654.0,1615.0,949.0,767.0,7462.0,1343.0,1175.0,1470.0,,0.0,0.2,0.2,0.0,0.2,0.0,0.2,0.0
2023-11-20,398142.0,48346.0,2508.0,0.0,1186.0,2654.0,527.0,381.0,1112.0,433.0,,967.0,1088.0,2163.0,6094.0,,909.0,706.0,6305.0,1253.0,1121.0,1047.0,,0.0,11.4,11.4,2.2,11.4,6.6,12.4,1.6
2023-11-21,379571.0,56619.0,2384.0,0.0,1816.0,2740.0,511.0,374.0,1173.0,378.0,,1077.0,1002.0,2148.0,5831.0,2362.0,928.0,658.0,5865.0,1249.0,1114.0,1159.0,,0.0,14.6,14.6,3.4,14.6,10.6,13.4,0.6
2023-11-22,391087.0,180195.0,2260.0,0.0,7075.0,2617.0,528.0,336.0,1156.0,327.0,,1188.0,897.0,2112.0,6007.0,3220.0,971.0,624.0,5129.0,1152.0,1028.0,1161.0,,0.0,4.8,4.8,0.0,4.8,0.6,4.2,0.2
2023-11-23,488665.0,225899.0,2108.0,0.0,5786.0,2578.0,511.0,310.0,989.0,257.0,,1051.0,820.0,2089.0,5846.0,2579.0,876.0,558.0,4541.0,1080.0,960.0,894.0,,0.0,0.2,0.2,0.2,0.2,0.0,0.0,0.0
2023-11-24,526979.0,133305.0,2014.0,0.0,3238.0,2526.0,470.0,290.0,933.0,214.0,,965.0,770.0,2067.0,5506.0,2115.0,848.0,529.0,4097.0,1029.0,923.0,1005.0,,0.0,1.8,1.8,3.4,1.8,3.2,1.4,0.0
2023-11-25,357360.0,100718.0,1939.0,0.0,2695.0,2570.0,487.0,229.0,925.0,195.0,,921.0,711.0,2048.0,5237.0,1994.0,849.0,490.0,3703.0,998.0,874.0,1143.0,,0.0,0.6,0.6,0.0,0.6,0.0,0.6,0.0
2023-11-26,322710.0,84162.0,1828.0,0.0,2776.0,2490.0,456.0,139.0,817.0,175.0,,822.0,656.0,2011.0,4936.0,1703.0,773.0,449.0,3303.0,933.0,807.0,984.0,,0.0,0.2,0.2,0.2,0.2,0.0,0.0,0.2
2023-11-27,303421.0,74256.0,1735.0,0.0,2590.0,2513.0,497.0,96.0,807.0,160.0,,823.0,663.0,2018.0,4725.0,1873.0,764.0,443.0,3260.0,954.0,767.0,1133.0,,0.0,19.9,19.9,11.9,19.9,23.4,18.0,9.4
2023-11-28,361000.0,109936.0,1681.0,0.0,3987.0,2681.0,1060.0,84.0,1806.0,387.0,,4682.0,800.0,3017.0,8089.0,5523.0,965.0,475.0,4844.0,1466.0,839.0,4594.0,,0.0,0.6,0.6,3.6,0.6,5.6,0.6,0.0
2023-11-29,428098.0,167288.0,1618.0,1.0,4017.0,2684.0,1428.0,133.0,1776.0,735.0,,3038.0,975.0,3010.0,12429.0,3643.0,818.0,422.0,4242.0,1528.0,852.0,3875.0,,10.3,0.0,0.0,0.0,0.0,0.0,0.0,10.6
2023-11-30,769037.0,127898.0,2040.0,1.0,3246.0,2732.0,1185.0,579.0,2521.0,2559.0,,2893.0,2193.0,2730.0,11556.0,2920.0,2100.0,988.0,19348.0,4342.0,2286.0,5869.0,,4.4,12.4,12.4,5.2,12.4,0.0,14.2,8.2
2023-12-01,1215110.0,168256.0,2011.0,1.0,3204.0,2677.0,1805.0,808.0,4162.0,4217.0,,14404.0,4098.0,9396.0,47094.0,8660.0,2765.0,1330.0,19898.0,6255.0,3976.0,14935.0,,7.6,18.5,18.5,11.4,18.5,6.6,21.2,10.6
2023-12-02,1639043.0,343687.0,2002.0,2.0,4002.0,2804.0,3003.0,852.0,4629.0,4720.0,,15560.0,3556.0,8774.0,62988.0,8211.0,2022.0,1020.0,14084.0,4399.0,3096.0,18494.0,,0.0,2.0,2.0,0.0,2.0,0.0,2.0,0.0
2023-12-03,1751741.0,239031.0,1807.0,2.0,3758.0,2694.0,1726.0,742.0,3203.0,2339.0,,5193.0,2805.0,4717.0,49178.0,4564.0,1413.0,747.0,9849.0,3261.0,2301.0,17181.0,,1.4,1.2,1.2,0.4,1.2,0.0,1.0,0.0
2023-12-04,1369345.0,161030.0,2005.0,1.0,3317.0,2730.0,1374.0,672.0,2812.0,1461.0,,3541.0,2465.0,4038.0,18882.0,3542.0,1515.0,771.0,9930.0,2823.0,2118.0,12818.0,,25.7,6.2,6.2,4.2,6.2,4.6,5.2,11.4
2023-12-05,1006809.0,138110.0,2241.0,1.0,3159.0,2737.0,1801.0,665.0,3257.0,1023.0,,4129.0,2311.0,3747.0,14922.0,3908.0,2059.0,1001.0,11657.0,2598.0,2017.0,6820.0,,0.0,0.2,0.2,0.6,0.2,1.6,0.0,1.0
2023-12-06,940407.0,126735.0,2162.0,1.0,2999.0,2709.0,1709.0,690.0,3139.0,824.0,,3118.0,2120.0,3479.0,13681.0,3134.0,1489.0,823.0,9054.0,2365.0,1780.0,4514.0,,0.0,0.0,0.0,0.0,0.0,0.0,0.0,0.0
2023-12-07,904782.0,114803.0,2122.0,1.0,2900.0,2681.0,1368.0,646.0,2692.0,720.0,,2472.0,2003.0,3199.0,12240.0,3498.0,1350.0,738.0,7363.0,2226.0,1737.0,3405.0,7.5,12.9,8.0,8.0,15.7,8.0,22.4,9.4,15.0
2023-12-08,1117094.0,136819.0,2480.0,1.0,5305.0,3255.0,8989.0,730.0,7491.0,2653.0,,14189.0,4114.0,7031.0,34996.0,6431.0,2426.0,1320.0,10129.0,4598.0,3668.0,12426.0,6.0,0.2,10.4,10.4,0.6,10.4,14.4,11.4,2.4
2023-12-09,1460912.0,191255.0,2477.0,1.0,5350.0,3633.0,6482.0,850.0,6609.0,2578.0,,12886.0,3247.0,7045.0,44748.0,5619.0,2000.0,1186.0,13212.0,3967.0,3223.0,14668.0,13.0,0.6,1.2,1.2,2.8,1.2,7.4,1.0,11.0
2023-12-10,1524504.0,182402.0,2562.0,1.0,4719.0,3606.0,7263.0,967.0,6819.0,1909.0,,5618.0,2874.0,4536.0,26082.0,4213.0,1867.0,1106.0,18788.0,3592.0,2878.0,13504.0,0.0,0.6,0.2,0.2,0.0,0.2,0.8,0.0,12.0
2023-12-11,1318085.0,166877.0,2576.0,1.0,3905.0,3430.0,4936.0,976.0,5531.0,2033.0,,4408.0,2667.0,3947.0,15429.0,3610.0,2270.0,1016.0,50064.0,4652.0,4620.0,6436.0,0.0,0.0,0.0,0.0,0.2,0.0,0.0,0.0,8.6
2023-12-12,1276732.0,140063.0,2566.0,1.0,3684.0,3238.0,3834.0,936.0,4671.0,2271.0,,3242.0,2449.0,3540.0,13230.0,3336.0,2206.0,934.0,37292.0,4979.0,4756.0,3301.0,10.0,0.0,9.8,9.8,6.0,9.8,6.8,9.0,14.6
2023-12-13,1468438.0,126617.0,2651.0,1.0,3590.0,3510.0,8641.0,961.0,18049.0,2664.0,,9309.0,4162.0,6986.0,28772.0,7146.0,2578.0,1174.0,36434.0,5440.0,4842.0,8558.0,25.0,0.2,22.1,22.1,3.2,22.1,32.0,21.2,25.8
2023-12-14,1871871.0,240941.0,2651.0,5.0,12159.0,5619.0,14566.0,1087.0,20440.0,5450.0,,24511.0,4287.0,15135.0,58655.0,10353.0,2710.0,1185.0,25905.0,5727.0,4299.0,14867.0,2.0,0.0,0.4,0.4,0.8,0.4,5.8,0.6,0.0
2023-12-15,2238385.0,233450.0,2525.0,4.0,7511.0,4363.0,8432.0,963.0,10995.0,3335.0,,7288.0,3487.0,6092.0,67573.0,5688.0,2244.0,987.0,15997.0,4598.0,3489.0,16617.0,0.0,0.0,0.6,0.6,1.2,0.6,2.4,0.6,0.0
2023-12-16,1845685.0,187179.0,2491.0,3.0,5326.0,3923.0,6104.0,851.0,7997.0,2142.0,,4734.0,2884.0,4664.0,32270.0,4462.0,2088.0,882.0,11353.0,3843.0,2914.0,16008.0,0.0,0.0,0.0,0.0,0.0,0.0,0.0,0.0,0.0
2023-12-17,1428764.0,149425.0,2437.0,2.0,4316.0,3724.0,4786.0,770.0,6340.0,1567.0,,3464.0,2462.0,4022.0,16048.0,3837.0,1873.0,791.0,8443.0,3366.0,2496.0,13129.0,0.0,0.0,0.2,0.2,0.4,0.2,0.0,0.0,0.2
2023-12-18,1104392.0,127308.0,2344.0,2.0,3856.0,3575.0,3870.0,709.0,5283.0,1165.0,,2661.0,2134.0,3630.0,13411.0,3413.0,1761.0,729.0,6544.0,3000.0,2204.0,4028.0,0.0,0.2,0.2,0.2,0.2,0.2,0.0,0.0,0.2
2023-12-19,913371.0,119387.0,2292.0,1.0,3651.0,3534.0,3213.0,663.0,4581.0,896.0,,2250.0,1871.0,3378.0,12407.0,3205.0,1661.0,683.0,5267.0,2752.0,1985.0,2606.0,0.2,0.0,6.4,6.4,2.0,6.4,3.0,8.6,2.0
2023-12-20,922651.0,124006.0,2246.0,1.0,4874.0,3427.0,2852.0,618.0,4220.0,727.0,,2767.0,1788.0,3642.0,12322.0,4445.0,1663.0,653.0,4595.0,2804.0,2039.0,2336.0,0.1,0.0,8.1,8.1,4.0,8.1,8.0,6.8,1.6
2023-12-21,861644.0,201624.0,2158.0,2.0,6871.0,3392.0,2881.0,572.0,4411.0,616.0,,3429.0,1719.0,3658.0,13765.0,4446.0,1606.0,633.0,5243.0,2761.0,1914.0,2504.0,0.6,0.0,1.4,1.4,6.6,1.4,34.8,0.6,7.0
2023-12-22,854258.0,158597.0,2062.0,2.0,5500.0,3391.0,6675.0,556.0,5512.0,860.0,,5385.0,1832.0,4393.0,13820.0,4166.0,1535.0,612.0,6571.0,2902.0,1932.0,3576.0,0.0,0.0,2.2,2.2,16.3,2.2,20.6,2.0,0.8
2023-12-23,939645.0,155633.0,1965.0,2.0,4939.0,3542.0,7102.0,542.0,5382.0,1307.0,,5380.0,1823.0,4696.0,15262.0,4180.0,1366.0,559.0,6567.0,2810.0,1803.0,4886.0,0.0,0.0,0.2,0.2,2.2,0.2,2.0,0.0,0.8
2023-12-24,1013206.0,141465.0,1880.0,2.0,4072.0,3595.0,6214.0,545.0,5009.0,1572.0,,3918.0,1728.0,4076.0,14069.0,3697.0,1272.0,517.0,5580.0,2670.0,1711.0,3581.0,0.0,0.0,0.2,0.2,0.2,0.2,0.0,0.0,0.0
2023-12-25,896287.0,125029.0,1822.0,1.0,3763.0,3563.0,5059.0,544.0,4508.0,1294.0,,2965.0,1606.0,3551.0,12751.0,3349.0,1183.0,484.0,4698.0,2529.0,1623.0,2835.0,0.0,0.0,0.0,0.0,0.0,0.0,0.0,0.0,0.0
2023-12-26,684831.0,109259.0,1753.0,1.0,3579.0,3491.0,4230.0,519.0,3985.0,998.0,,2429.0,1487.0,3282.0,11792.0,3099.0,1101.0,457.0,4078.0,2380.0,1520.0,2336.0,0.0,0.0,0.0,0.0,0.0,0.0,0.0,0.0,0.2
2023-12-27,615587.0,99950.0,1683.0,1.0,3406.0,3439.0,3612.0,467.0,3578.0,794.0,,2114.0,1384.0,3098.0,10937.0,2969.0,1026.0,431.0,3632.0,2258.0,1451.0,2043.0,0.0,0.0,0.0,0.0,0.2,0.0,0.0,0.0,0.2
2023-12-28,673976.0,94470.0,1635.0,1.0,3287.0,3337.0,3123.0,421.0,3350.0,640.0,,1814.0,1280.0,2923.0,9999.0,2749.0,1002.0,415.0,3282.0,2143.0,1376.0,1768.0,0.0,0.0,0.0,0.0,0.2,0.0,0.0,0.0,0.0
2023-12-29,619661.0,88942.0,1598.0,1.0,3135.0,3320.0,2727.0,391.0,3170.0,535.0,,1645.0,1185.0,2802.0,9414.0,,989.0,416.0,3090.0,2051.0,1330.0,1390.0,0.0,0.0,0.4,0.4,0.0,0.4,0.0,0.2,0.0
2023-12-30,551328.0,83454.0,1520.0,1.0,3224.0,3218.0,2425.0,377.0,3019.0,455.0,,1525.0,1114.0,2719.0,9065.0,,965.0,403.0,2818.0,1959.0,1286.0,1246.0,0.0,0.8,0.0,0.0,0.0,0.0,0.0,0.0,0.0
2023-12-31,438947.0,78940.0,1535.0,1.0,3294.0,3260.0,2276.0,360.0,2909.0,409.0,,1467.0,1110.0,2674.0,8993.0,,1091.0,444.0,3146.0,2111.0,1449.0,1724.0,0.2,0.8,4.2,4.2,2.2,4.2,2.4,4.8,16.2
